firm_id,name,city_id,city,Y,L,T,price
0,泰州诚达精工新材料有限公司,79,泰州市,353443.0,172.0,13.3608,3293.215975091312
1,朝阳县金路废旧轮胎回收加工有限公司,45,朝阳市,23401.0,117.0,1.138896,1460.0226886388225
2,济南丰慧节能环保技术有限公司,128,济南市,33500.0,372.0,5.6983,1107.3478054858467
3,英山承庆鞋业有限公司,171,黄冈市,26280.0,286.0,6.2401,2498.068941202865
4,邱县合众康复橡胶制品有限公司,5,邯郸市,164810.0,349.0,3.3111,842.6202772492525
5,德阳市南塔化工有限责任公司,229,德阳市,176813.0,421.0,17.6857,2040.0
6,临洮县洮大饲料有限责任公司,278,定西市,40600.0,146.0,2.0,1140.0
7,西安东风电器制造厂,258,西安市,27968.0,270.0,1.05,2344.175238095238
8,湖北同威汽车配件有限公司,173,随州市,34466.0,64.0,12.37,1278.092158447858
9,湖北统香食品有限公司,164,十堰市,256790.0,107.0,9.02936,2746.595550515208
10,湖北福居家具有限公司,168,荆门市,29919.0,106.0,5.447,1700.3143014503396
11,湖北大发建材科技有限公司,169,孝感市,41627.0,253.0,2.95559,1021.7926031689104
12,长兴翎耀纺织有限公司,85,湖州市,32244.0,79.0,0.7769,1982.237096151371
13,郎溪和心化纤织造有限公司,107,宣城市,30293.0,164.0,2.0816,1052.075326671791
14,马鞍山市三川机械制造有限公司,96,马鞍山市,28950.0,25.0,3.2077,1650.0
15,安徽中亚纸业有限公司,102,阜阳市,88506.0,358.0,5.1197,1084.0478934312555
16,安徽奥特佳科技发展有限公司,101,滁州市,23286.0,173.0,11.1547,1685.388222005074
17,福建万祥食品有限公司,113,漳州市,25536.0,118.0,1.988,1050.0
18,赤峰元易生物质科技有限责任公司,27,赤峰市,28800.0,159.0,8.81646,601.1483066899867
19,夏邑庄妍服饰有限公司,158,商丘市,78965.0,55.0,2.1682,800.9828429111703
20,河南郑起港机制造有限公司,160,周口市,74652.0,174.0,10.9209,840.5900612586875
21,驻马店市鼎盛精密铸造有限公司,161,驻马店市,63000.0,24.0,7.333636,1800.0000272716015
22,荣成市百泉水产食品有限公司,137,威海市,75318.0,337.0,1.4455,2117.319266689726
23,临沂市沃达机械有限公司,140,临沂市,25889.0,307.0,1.3334,839.9580020998951
24,苍山中科八益瑞泰新材料有限公司,140,临沂市,52585.0,302.0,2.5333,1681.601073698338
25,菏泽润和化工有限公司,144,菏泽市,106802.0,216.0,5.4,1375.925925925926
26,山东省阳信恒源石油制品有限公司,143,滨州市,29574.0,397.0,1.9031,1445.0107718984814
27,山东昊明伟石化有限公司,140,临沂市,37012.0,57.0,3.3334,1601.9679606407872
28,浙江神启重工机械有限公司,85,湖州市,42728.0,86.0,1.1058,2306.022788931091
29,安徽省环宇大成电子科技有限责任公司,104,六安市,27650.0,193.0,2.741,1605.2535570959503
30,安徽成路文化发展有限公司,101,滁州市,34555.0,295.0,13.20914,840.0244073421889
31,环球新材料科技（吉安）有限公司,124,吉安市,81594.0,203.0,5.67315,959.9971796973464
32,江西正宇生物科技有限公司,125,宜春市,34271.0,79.0,4.766,840.012589173311
33,永兴金沅金属有限责任公司,183,郴州市,66312.0,184.0,2.533,1200.0
34,重庆华驰文具有限公司,224,重庆市,34539.0,40.0,0.8722,1440.0
35,江苏三麦面业有限公司,74,连云港市,25867.0,225.0,3.4553,1201.05345411397
36,泛博制动部件（武汉）有限公司,162,武汉市,198437.0,223.0,3.332997,4500.454095818268
37,自贡市俐安皮具有限公司,226,自贡市,59251.0,24.0,2.203,1650.0
38,山东曙创电子科技有限公司,144,菏泽市,155422.0,88.0,8.22288,705.3489774872064
39,湖北远蓝机器有限公司,165,宜昌市,45745.0,180.0,6.66522,1200.0000000000002
40,河北亿丰童车有限公司,5,邯郸市,17510.0,365.0,2.666667,1289.9998387500202
41,黑龙江佰润塑业有限责任公司,66,绥化市,106045.0,232.0,1.943625,1167.9207666087852
42,黑龙江百富达包装有限公司,66,绥化市,59694.0,337.0,2.96179,1259.9998649465356
43,易能（中国）环保科技有限公司,96,马鞍山市,21698.0,357.0,3.811425,3641.682572791017
44,六安远大精密机械有限公司,104,六安市,25840.0,327.0,2.3078,1559.927203397175
45,安徽陆海石油助剂科技有限公司,104,六安市,24033.0,385.0,2.7548,1056.338028169014
46,重庆好康运动器材有限公司,224,重庆市,66910.0,220.0,1.093148,3366.424308510833
47,南京德惠新材料科技有限公司,68,南京市,20636.0,334.0,1.9749,1443.111043597144
48,山东亨格尔制造股份有限公司,139,莱芜市,83688.0,299.0,7.1494,1685.456122192072
49,泰安市腾宇重工有限公司,136,泰安市,22156.0,328.0,1.9365,2550.9940614510715
50,东台恒舜数控精密机械科技有限公司,76,盐城市,33333.0,404.0,19.9995,1749.9999999999998
51,宁波爱宝硅胶科技有限公司,82,宁波市,93997.0,394.0,1.0501,5188.020188553472
52,株洲市德信磁电科技有限公司,175,株洲市,28417.0,260.0,1.89415,1769.9759786711718
53,广元市太阳坪金矿有限公司,231,广元市,205421.0,39.0,4.378,975.3312014618548
54,四川久盛通信科技有限公司,235,南充市,50171.0,82.0,3.3333,846.0084600846008
55,四川东和欣包装科技有限公司,237,宜宾市,64350.0,53.0,4.69862,974.9884008496113
56,汝南县中天阳光门业有限公司,161,驻马店市,28750.0,57.0,1.1434,962.0430295609584
57,驻马店市恒天纤维科技有限公司,161,驻马店市,45317.0,294.0,5.01225,975.609756097561
58,山东东阿百年堂阿胶生物制品有限公司,142,聊城市,28627.0,50.0,1.9746,1056.000202572673
59,禹城市万通动力机械配件有限公司,141,德州市,24407.0,311.0,0.6477,1698.3171221244402
60,云南潘祥记工贸有限公司,249,昆明市,42080.0,97.0,1.4755,4499.491697729583
61,无锡市晟茂铜业科技有限公司,69,无锡市,500361.0,384.0,0.6668,3540.0000000000005
62,天津科禄格通风设备有限公司,1,天津市,36009.0,117.0,1.35,2555.555555555556
63,大连伊维实业有限公司,34,大连市,125036.0,669.0,1.0,3500.0
64,浦项长兴（大连）板材加工有限公司,34,大连市,384470.0,326.0,46.0,3500.0
65,湖北兴冶特钢实业发展有限公司,167,鄂州市,139232.0,452.0,4.9652,2209.9999999999995
66,会昌县中昌建筑材料有限公司,123,赣州市,29540.0,383.0,1.7136,840.3361344537815
67,高唐县瑞升机械配件有限公司,142,聊城市,128679.0,197.0,1.6911,1519.720891727278
68,福建省清流县佳祥实木家俬有限公司,111,三明市,36353.0,329.0,3.52,660.0
69,福建省瑞祥竹木有限公司,114,南平市,43867.0,391.0,1.561525,1005.403691903748
70,四川上之登新材料有限公司,229,德阳市,78059.0,254.0,7.4673,1499.8727786482395
71,峨眉山市晶辉硅业科技有限公司,234,乐山市,66625.0,332.0,1.3265,2698.831511496419
72,中粮肉食（宿迁）有限公司,80,宿迁市,387051.0,392.0,9.8967,990.0
73,台州市金江建材有限公司,90,台州市,52035.0,207.0,1.5305,2502.450179679843
74,湖州科尼物流设备有限公司,85,湖州市,49440.0,375.0,1.0171,2703.7656081014657
75,嘉兴市圣路易斯洁具有限公司,84,嘉兴市,53115.0,359.0,1.33332,3000.030000300003
76,浙江迈尔工具有限公司,88,衢州市,25500.0,252.0,1.6788,1440.0
77,安徽元方钢结构工程有限公司,103,宿州市,106982.0,101.0,1.3417,1650.0000000000002
78,武汉赛思教学设备有限公司,169,孝感市,50400.0,240.0,2.6452,1682.292454256767
79,山东云翔化工有限责任公司,141,德州市,53787.0,106.0,3.7914,1714.4062879147546
80,莱芜市汶河煤业有限公司,139,莱芜市,23190.0,33.0,2.2449,1683.816651075772
81,江苏荣泽食品有限公司,74,连云港市,29596.0,184.0,2.4722,1201.3591133403447
82,阜新申泰汽车部件有限公司,41,阜新市,114871.0,74.0,2.8136,3269.832243389252
83,埃斯（中国）钢结构有限公司,40,营口市,117148.0,335.0,16.0,1680.0
84,哈尔滨方园包装有限公司,55,哈尔滨市,32030.0,243.0,1.2933,1310.0000000000002
85,内蒙古宇嘉实业有限责任公司,24,呼和浩特市,765605.0,202.0,13.3285,847.0999737404809
86,浙江健恒实业有限公司,88,衢州市,300369.0,334.0,7.8987,1440.0
87,湖南湘路机械科技有限公司,174,长沙市,742801.0,446.0,1.75659,2903.3525182313456
88,舞钢精钢钢铁有限公司,148,平顶山市,138347.0,297.0,3.3251,2842.0197888785297
89,清丰福润肉类加工有限公司,153,濮阳市,440346.0,132.0,11.1073,1715.0882752784205
90,河北华悦鞋业有限公司,7,保定市,35230.0,40.0,4.5396,2700.017622698035
91,山东中德金属材料有限公司,142,聊城市,23685.0,210.0,4.66,2701.7167381974245
92,山东禹城振华锻造机械有限公司,141,德州市,54756.0,317.0,2.6718,1440.9761209671385
93,郓城县华北化纤有限公司,144,菏泽市,124036.0,271.0,3.572,1500.0123180291152
94,山东建科工程机械有限公司,144,菏泽市,184085.0,192.0,7.5622,1454.6031578112188
95,天津环山饲料有限公司,1,天津市,211181.0,184.0,2.38,2058.823529411765
96,中山市沙溪镇维业纺织纱厂,204,中山市,31226.0,141.0,0.7639,4300.125670899332
97,四川鑫统领混凝土有限公司,236,眉山市,5662.0,145.0,3.04965,1829.7181643795188
98,章丘博奥斯能源科技有限公司,128,济南市,208655.0,388.0,4.3491,1701.5014600721988
99,扬州智汇水蛭科技有限公司,77,扬州市,48985.0,423.0,0.1921,1441.9573138990108
100,镇江森华阻燃工程科技有限公司,78,镇江市,30640.0,170.0,2.6865,2690.0
101,青岛妙家服饰有限公司,129,青岛市,42811.0,272.0,0.2389,1674.3407283382169
102,青岛味情食品有限公司,129,青岛市,107526.0,190.0,1.3396,1460.0000000000002
103,龙泉市鹏宇兄弟木业有限公司,91,丽水市,21060.0,369.0,2.1527,989.919635806197
104,浙江宏伟电网科技有限公司,91,丽水市,56707.0,35.0,2.6591,2072.1296679327597
105,荆门市荆康化工有限公司,168,荆门市,41750.0,102.0,0.817658,966.1741216988032
106,宁陵县金维果维饮品有限公司,158,商丘市,97775.0,370.0,7.8117,750.1568160579643
107,山东东药药业股份有限公司,144,菏泽市,1819392.0,420.0,34.4667,2272.9184981445856
108,山东亨圆铜业有限公司,132,东营市,3503981.0,262.0,8.2901,2328.0780690220863
109,湖北润长佳工艺陶瓷有限公司,165,宜昌市,27907.0,240.0,2.88859,1200.0
110,山东衡远新能源科技有限公司,135,济宁市,70747.0,134.0,11.8241,3340.634805186018
111,河北巨桥仓食品有限公司,5,邯郸市,27135.0,96.0,1.3333,1290.0322508062704
112,利辛县南方博能燃气有限公司,105,亳州市,60908.0,123.0,0.9286,1281.4990307990524
113,广西双利铝业有限公司,220,来宾市,1422033.0,142.0,4.2974,1350.0209428957046
114,华泰嘉凯金属制品有限公司,91,丽水市,142640.0,401.0,0.4077,1805.0036791758648
115,河北科林机械设备有限公司,10,沧州市,23250.0,15.0,2.60453,1290.0016509696568
116,湖南格润新能源有限公司,184,永州市,124391.0,205.0,20.5446,2025.787798253556
117,河北菁莱生物科技有限公司,7,保定市,28760.0,153.0,2.0,1875.0
118,龙陵县华益建材实业有限公司,252,保山市,58882.0,97.0,1.9679,614.5002286701559
119,长兴滨里实业有限公司,85,湖州市,63062.0,66.0,1.1671,1987.833090566361
120,山东百隆纺织有限公司,135,济宁市,132144.0,56.0,20.0003,2340.464893026605
121,阜新中辰机械制造有限公司,41,阜新市,64080.0,481.0,1.1096,3271.449170872387
122,阜新华洋皮草服饰贸易有限公司,41,阜新市,160581.0,81.0,1.3333,2947.573689342234
123,丹东耘垦饲料有限公司,38,丹东市,222450.0,146.0,2.8763,1800.0
124,阜新市筑友新型建材有限公司,41,阜新市,38135.0,63.0,2.4023,2930.524913624444
125,阜新奥澎裘革制品有限公司,41,阜新市,144340.0,193.0,0.9981,2875.4633804228038
126,府谷县元茂顺煤焦有限公司,265,榆林市,170235.0,122.0,5.3333,965.63103519397
127,乐山市沙湾区嘉财不锈钢制品有限公司,234,乐山市,51223.0,168.0,2.3673,1919.9932412453004
128,玉山县鑫海萤石矿业有限公司,127,上饶市,95241.0,170.0,1.91301,893.3565428304087
129,河北泰成陶瓷制品有限公司,10,沧州市,89575.0,176.0,13.6954,884.9686756137098
130,安达市嘉和木业有限公司,66,绥化市,81764.0,168.0,3.8801,1118.527872992964
131,绍兴市永坚建材有限公司,86,绍兴市,152695.0,281.0,6.6666,2073.020730207302
132,浙江永佳好房工贸有限公司,87,金华市,31903.0,310.0,6.0,1920.0
133,淮北建泉矿山机械有限公司,97,淮北市,69510.0,297.0,0.779203,2181.7164461635803
134,安徽正洁新材料有限公司,98,铜陵市,30380.0,329.0,3.844631,2281.1031799930865
135,淮北市诚泰机械有限公司,97,淮北市,71926.0,279.0,0.779202,2181.719246100498
136,山东圣运化工有限公司,138,日照市,364239.0,282.0,13.3227,1815.6980191702885
137,沙洋秦江药业有限公司,168,荆门市,72909.0,137.0,2.2579,1209.1323796448028
138,湖北天润生态农业开发有限公司,165,宜昌市,163504.0,443.0,3.1664,1237.99898938858
139,江苏联众建材有限公司,80,宿迁市,54567.0,151.0,0.82,960.0
140,韶关铭源有色金属有限公司,188,韶关市,74130.0,262.0,3.33585,722.454546817153
141,韶关市西马克重工有限公司,188,韶关市,34654.0,370.0,2.016,2142.8571428571427
142,福州鑫田沥青有限公司,108,福州市,103155.0,189.0,2.0021,1588.3322511363067
143,福建富源兴冶金材料有限公司,111,三明市,199376.0,265.0,2.8268,1428.006226121409
144,湖南涟湘河食品有限公司,176,湘潭市,58669.0,338.0,0.6667,1649.9175041247938
145,安徽宝途汽车零部件有限公司,93,芜湖市,163229.0,45.0,2.2395,1439.964277740567
146,山东鑫乐新能源科技有限公司,131,枣庄市,55904.0,118.0,2.872,2506.963788300836
147,临清市鼎泰机械有限公司,142,聊城市,59946.0,322.0,4.6021,1468.8946350579083
148,徐州中宇石油化工科技有限公司,70,徐州市,1081638.0,333.0,5.7333,1756.4055604974446
149,包头成功铝业有限公司,25,包头市,2039470.0,282.0,20.8929,3437.5004905972846
150,辽宁山川装备制造有限公司,35,鞍山市,35686.0,44.0,0.522053,2050.000670430014
151,丹东华盛铁路器材有限公司,38,丹东市,36393.0,379.0,3.0593,3210.0313797273884
152,辽宁鸿瑞科技开发有限公司,46,葫芦岛市,36500.0,105.0,1.8084,1465.3837646538375
153,金田集团盘锦塑业有限公司,43,盘锦市,1178063.0,385.0,11.8672,1744.8522819199138
154,盘锦宝宇化工有限公司,43,盘锦市,226898.0,228.0,4.6365,1484.1151730831448
155,湖南立敏达电子科技有限公司,183,郴州市,42019.0,152.0,1.548854,1846.5265286463407
156,绵阳蓝奥重型机械制造有限公司,230,绵阳市,31530.0,307.0,1.668,1370.032973621103
157,邻水巨能新型建材有限公司,238,广安市,149519.0,125.0,1.493,840.0535833891493
158,罗江县美丽居建材有限公司,229,德阳市,201605.0,42.0,1.3333,840.0585014625367
159,华蓥市顺力紧固件有限公司,238,广安市,228453.0,69.0,1.3663,841.6892336968455
160,乐山市五州纺织有限责任公司,234,乐山市,31646.0,163.0,1.26,1065.0
161,四川圣道铝业有限公司,236,眉山市,411514.0,201.0,3.2714,1204.3773308063826
162,河南红然铝业有限公司,156,三门峡市,32910.0,370.0,6.2493,1651.3849551149729
163,濮阳市东宝科技发展有限公司,153,濮阳市,181510.0,160.0,6.9439,1463.1547113293682
164,乐平锦溪商品混凝土有限公司,118,景德镇市,471465.0,249.0,4.7822,1440.008991677471
165,浙江龙游洁仕特新材料有限公司,88,衢州市,48271.0,47.0,0.3847,2427.8658695087083
166,嘉兴金州聚合材料有限公司,84,嘉兴市,270107.0,243.0,9.1057,3450.0
167,湖州富得利木业有限公司,85,湖州市,33009.0,158.0,4.254,2773.8598965679366
168,山东尤特尔生物科技有限公司,135,济宁市,78752.0,103.0,8.51,2961.222091656874
169,成武县华源纺织有限公司,144,菏泽市,93513.0,65.0,3.073,1926.456231695412
170,重庆帅邦机械有限公司,224,重庆市,156830.0,463.0,1.3758,3568.832679168484
171,恩平市安马陶瓷有限公司,193,江门市,179404.0,266.0,6.5333,2040.0104082163684
172,涟水新融美纺织有限公司,75,淮安市,107821.0,143.0,6.6666,960.0
173,大丰市新永信服饰有限公司,76,盐城市,25000.0,117.0,1.615,1490.030959752322
174,江苏卞老二工贸有限公司,75,淮安市,24775.0,328.0,1.4126,1203.45462268158
175,柳州金特机械有限公司,209,柳州市,116084.0,245.0,7.3939,1201.2604985190496
176,福建省金轩家俬有限公司,111,三明市,448216.0,261.0,4.0,1353.75
177,福建省欧曼陶瓷有限公司,113,漳州市,67784.0,180.0,2.0886,962.367135880494
178,福建康健实业有限公司,116,宁德市,102542.0,278.0,2.0835,3901.511879049676
179,福建宜久工贸有限公司,111,三明市,34080.0,268.0,1.8861,660.0
180,福建省南安市梓鑫石材有限公司,112,泉州市,58795.0,343.0,2.3191,3751.455305937648
181,福建创隆纺织有限公司,115,龙岩市,122627.0,244.0,5.455,600.0
182,海宁市鲲鹏塑业有限公司,84,嘉兴市,82473.0,134.0,2.4034,3807.106598984772
183,湖北中正化工设备有限公司,167,鄂州市,108235.0,160.0,6.1063,2472.855902919935
184,大连锦冠新材料有限公司,34,大连市,55160.0,124.0,5.159088,1680.006233659903
185,大连薪裕桥线缆制造有限公司,34,大连市,77554.0,290.0,2.7096,3850.0
186,乐陵市德润健康食品有限公司,141,德州市,83159.0,93.0,6.6833,1499.2593479269224
187,临沂市永立液压机械制造有限公司,140,临沂市,31804.0,380.0,1.2699,2527.7580911882824
188,阳谷动力博士滤清器有限公司,142,聊城市,52530.0,224.0,1.68491,1169.8310295505398
189,菏泽华升玻璃有限公司,144,菏泽市,94076.0,575.0,6.7966,2280.5520407262457
190,泰安优乐美安工贸有限公司,136,泰安市,569833.0,254.0,4.7362,1600.4391706431315
191,永胜县腾达洗煤有限责任公司,254,丽江市,88338.0,223.0,1.2373,1124.999595894286
192,美达王（广州）钢材制品有限公司,187,广州市,701023.0,231.0,1.9245,6001.558846453625
193,连云港康达智精密技术有限公司,74,连云港市,132381.0,39.0,4.1068,2885.4582643420667
194,江苏长乐纤维科技有限公司,72,苏州市,3104534.0,126.0,16.1211,2520.2994832858803
195,泗洪县凌云电子加工厂,80,宿迁市,83794.0,194.0,0.14324,959.9273945825188
196,淳安县荣华纺织有限公司,81,杭州市,175036.0,284.0,3.3333,1310.1131011310113
197,杭州国康合成革有限公司,81,杭州市,181365.0,162.0,3.4417,1769.4743876572625
198,杭州高卡粉料有限公司,81,杭州市,78410.0,414.0,2.0,3835.0
199,黑龙江省恒辉陶瓷有限公司,64,牡丹江市,100095.0,393.0,6.9973,1313.0064453432035
200,拜泉县鸿翔亨利米业有限公司,56,齐齐哈尔市,167834.0,254.0,4.8544,1207.2876153592615
201,四川省万阳电缆有限公司,236,眉山市,333131.0,95.0,4.857961,959.9912391227512
202,四川科地亚石油制品有限公司,229,德阳市,100010.0,27.0,1.8031,1650.2135211580055
203,四川强泰科技有限责任公司,228,泸州市,70811.0,144.0,3.2748,842.7995602784903
204,济南飞鹤玻璃工艺制品有限公司,128,济南市,53835.0,150.0,0.4258,939.4081728511038
205,济南铸诚集团钢结构有限公司,128,济南市,44218.0,166.0,4.437,1401.848095560063
206,贵州卓豪农业科技有限公司,245,遵义市,39049.0,409.0,3.9177,1350.0040840288946
207,焦作云翔纺织有限责任公司,152,焦作市,243872.0,135.0,11.3937,918.0512037353976
208,西华县金鑫车业有限公司,160,周口市,534149.0,324.0,4.4531,2400.1257550919586
209,玉山县锐航工贸有限公司,127,上饶市,45011.0,447.0,1.8253,889.1689037418507
210,江西杜马机械制造有限公司,127,上饶市,55016.0,301.0,3.0673,891.3376585270432
211,江西省龙之丞实业有限公司,120,九江市,28512.0,254.0,3.3334,960.5807883842324
212,高安旺大生物科技有限公司,125,宜春市,303270.0,214.0,2.6667,1211.2348595642554
213,江西鸿伟绿色食品科技有限公司,120,九江市,272827.0,137.0,11.9958,840.0
214,青岛泰浩杰新材料有限公司,129,青岛市,82819.0,85.0,3.3333,1800.0
215,锦州丰汇基管桩有限公司,39,锦州市,120703.0,163.0,4.04995,1570.0001234583144
216,盘锦义朋石化有限公司,43,盘锦市,461280.0,348.0,1.0,582.972
217,泰安金福隆制衣有限公司,136,泰安市,38368.0,201.0,1.216,1725.0
218,曲阜圣香远生物科技有限公司,135,济宁市,111322.0,186.0,6.1635,2401.233065628296
219,山东锐杨医药科技有限公司,141,德州市,367243.0,324.0,1.91557,1021.5236196014764
220,山东梁山万达碳素有限公司,135,济宁市,172501.0,169.0,5.6,1526.7857142857144
221,潍坊天瑞重工凿岩机械有限公司,134,潍坊市,29700.0,384.0,2.0,4200.0
222,南宁统一企业有限公司,208,南宁市,377375.0,304.0,10.7554,1687.52440634472
223,施朗格（漳州）建材科技有限公司,113,漳州市,115212.0,234.0,9.5716,2530.005432738518
224,福建彩联陶瓷有限公司,113,漳州市,441408.0,400.0,9.7671,1060.0
225,福建省新纶纺织科技有限公司,115,龙岩市,461122.0,388.0,14.41511,1480.3910618788202
226,江苏圣行航空动力机械制造有限公司,75,淮安市,77725.0,543.0,2.2,960.0
227,江苏凯乐汽车部件科技有限公司,75,淮安市,198415.0,15.0,6.2895,1200.4133873916844
228,河北贝斯顿热能设备有限公司,7,保定市,218763.0,363.0,4.6667,1799.987142948979
229,芜湖市龙港纳米新型建材有限责任公司,93,芜湖市,107137.0,264.0,1.0,930.0
230,镇安益汇农工商有限公司,267,商洛市,173217.0,269.0,0.8135,1019.0534726490472
231,丽水云中马布业有限公司,91,丽水市,674210.0,286.0,10.0294,2249.9999999999995
232,东阳市求是拉链有限公司,87,金华市,23183.0,200.0,2.0208,2580.020783847981
233,山东万洲钢结构有限公司,140,临沂市,196472.0,304.0,3.155,1651.3470681458002
234,浙江丽康鞋材有限公司,91,丽水市,70405.0,216.0,2.4771,1211.0936175366355
235,恒耐集团渑池耐材科技有限公司,156,三门峡市,46350.0,381.0,8.1763,1690.2510915695366
236,濮阳牧鹤饲料有限公司,153,濮阳市,243604.0,111.0,1.908675,1514.139389890893
237,嘉祥鸿宇金属制品有限公司,135,济宁市,243167.0,372.0,4.3688,1648.0498077275224
238,爱不停（山东）蛋白质饲料有限公司,141,德州市,85903.0,125.0,1.3239,2190.4977717350253
239,烟台和瑞汽车零部件有限公司,133,烟台市,54742.0,114.0,3.1,2074.1935483870966
240,山东泰北环保设备股份有限公司,134,潍坊市,24410.0,435.0,2.7922,4430.000000000001
241,共和机械（山东）有限公司,135,济宁市,39029.0,147.0,0.7486,2841.9716804702107
242,山东新街塑胶有限公司,140,临沂市,233261.0,20.0,4.0704,1523.1918238993712
243,珠海华润包装材料有限公司,190,珠海市,2570339.0,377.0,19.7781,4799.987865366239
244,勤兴软胶（阳江）有限公司,201,阳江市,75890.0,350.0,4.636838,2201.9315749223933
245,天津市盛松木业有限公司,1,天津市,119585.0,176.0,9.29203,2055.5250036859543
246,江苏西竹纸业有限公司,80,宿迁市,54037.0,155.0,3.4667,959.9907693195258
247,徐州恒瑞洗煤有限公司,70,徐州市,285840.0,357.0,1.16664,1191.4558047041075
248,河北利土生物科技有限公司,2,石家庄市,370379.0,433.0,3.3333,1560.0156001560017
249,南充市红太阳文教制品有限公司,235,南充市,79141.0,31.0,4.0209,975.0055957621428
250,四川望昌干燥设备有限公司,236,眉山市,359034.0,90.0,3.08,960.0
251,四川渝成机械有限公司,238,广安市,132902.0,402.0,1.1839,840.020271982431
252,四川盛丰印务有限公司,229,德阳市,113930.0,197.0,5.0721,1650.0325309043592
253,乐山市欧宝龙儿童用品有限公司,234,乐山市,49882.0,323.0,1.2933,1320.0340214953994
254,四川伊仕木业有限公司,228,泸州市,52181.0,316.0,3.3565,840.1608818709965
255,福建莆田市成联包装有限公司,110,莆田市,59540.0,267.0,5.9433,1020.0
256,漳州正霸建材科技有限公司,113,漳州市,133410.0,264.0,8.4039,1200.0023798474515
257,宁德市银丰纺织有限公司,116,宁德市,52870.0,101.0,0.506,1500.0
258,福建省乐鑫新型建材有限公司,108,福州市,103662.0,341.0,6.8509,1801.2231969522254
259,安徽永昌金属制品有限公司,107,宣城市,108660.0,252.0,2.0,940.0
260,安徽亚兰光电科技制造有限公司,107,宣城市,22103.0,208.0,3.7322,1199.9999999999998
261,淮北市美源食品制造有限公司,97,淮北市,142578.0,187.0,2.1938,961.8014404230104
262,重庆正隆纸业有限公司,224,重庆市,241914.0,313.0,7.2598,3310.0085401801703
263,重庆骏达木业有限公司,224,重庆市,163385.0,183.0,7.0593,1276.3305143569476
264,重庆哈韦斯特铝业有限公司,224,重庆市,1525768.0,319.0,7.8384,3004.439681567667
265,双峰县家宝艺陶瓷有限公司,186,娄底市,200817.0,74.0,5.6194,1279.4960316047975
266,陕西联塑科技实业有限公司,261,咸阳市,398247.0,34.0,25.3301,1055.7400089221912
267,江西佳维诚电子科技有限公司,127,上饶市,217377.0,168.0,6.6827,960.0011971209242
268,柳州东风化工股份有限公司,209,柳州市,36537.0,258.0,7.85166,1201.0199117129373
269,山东华硕生物科技有限责任公司,144,菏泽市,68009.0,377.0,3.0,915.0
270,昌邑义泰祥家纺有限公司,134,潍坊市,41125.0,518.0,16.2375,1540.261739799846
271,昌邑凯特新材料有限公司,134,潍坊市,232235.0,242.0,5.748,1550.1043841336116
272,现代派沃泰自动变速箱（山东）有限公司,138,日照市,7282607.0,166.0,20.6373,2490.635887446517
273,宁夏广银铝业有限公司,281,银川市,3872143.0,51.0,23.2279,379.50481963500783
274,宁夏国圣食品有限公司,284,固原市,56581.0,254.0,22.2011,600.0018017125277
275,联基实业（江西）有限公司,124,吉安市,45132.0,58.0,6.16297,959.9942884680602
276,南通容润汽车配件有限公司,73,南通市,73515.0,78.0,1.0667,1462.454298303178
277,东台市苏泰饲料有限公司,76,盐城市,90351.0,429.0,3.75,1680.0
278,浙江旭峰布业有限公司,91,丽水市,555251.0,311.0,6.3301,2250.0
279,丽水永强化工科技有限公司,91,丽水市,31199.0,128.0,1.48169,3507.953755508912
280,浙江汪洋高分子材料有限公司,84,嘉兴市,27000.0,234.0,1.2,2800.0
281,四川兰晨管业有限公司,225,成都市,21850.0,408.0,5.36322,1800.0007458206076
282,揭阳市粤光特殊钢实业有限公司,206,揭阳市,50962.0,376.0,1.4851,1548.7172580970978
283,寿县明英新型墙体材料有限公司,104,六安市,48494.0,102.0,1.7781,960.0134975535684
284,芜湖中铁科吉富轨道有限公司,93,芜湖市,33562.0,420.0,9.53068,3400.596809461654
285,邱县立强通用设备有限公司,5,邯郸市,21540.0,178.0,2.06736,851.3272966488662
286,吉林雏鹰农贸有限公司,54,白城市,205436.0,71.0,2.3733,1250.0000000000002
287,吉林省宏信实业有限责任公司,49,四平市,67665.0,85.0,6.0,1680.0
288,漯河盛和食品股份有限公司,155,漯河市,100577.0,291.0,1.990068,2730.0072158338307
289,河南豫冠电力设备有限公司,154,许昌市,51128.0,769.0,4.1522,1490.775974182361
290,河南三源粮油食品有限责任公司,157,南阳市,122741.0,431.0,22.8727,2142.2919025738106
291,安达佳诚化工有限公司,66,绥化市,92251.0,340.0,3.277597,1119.722772506809
292,海林市贵文木业有限公司,64,牡丹江市,199144.0,321.0,2.9495,1569.9735548398032
293,菏泽市德瑞香料有限公司,144,菏泽市,74746.0,279.0,1.5133,915.2183968809884
294,徐州市三成铸业有限公司,70,徐州市,456108.0,246.0,1.394,1226.6857962697277
295,江苏省奥肯汽车零部件有限公司,80,宿迁市,30210.0,371.0,1.8173,959.9955978649646
296,江苏新源太阳能科技有限公司,75,淮安市,25715.0,49.0,4.7,1204.255319148936
297,河北舜能润滑科技有限公司,10,沧州市,21994.0,276.0,5.6434,1263.4227593294822
298,三明众鑫化工有限公司,111,三明市,192185.0,11.0,7.7952,2012.6103243021344
299,漳州市澳利陶瓷发展有限公司,113,漳州市,291078.0,261.0,9.045,1060.004975124378
300,福建美贴士胶粘制品有限公司,113,漳州市,93830.0,148.0,1.75835,1137.4299769670429
301,福建伯特利技术开发有限公司,116,宁德市,41394.0,283.0,2.304,1500.0000000000002
302,福建宝格丽电子科技有限公司,111,三明市,371211.0,201.0,2.6339,1362.9978359087283
303,阜城县强亿发钢结构有限公司,12,衡水市,26433.0,76.0,5.05288,930.1626003388168
304,四川渝广钢构有限公司,229,德阳市,35660.0,274.0,2.8934,1649.9619824428007
305,宣汉正原微玻纤有限公司,239,达州市,326229.0,24.0,3.1464,1350.0
306,广安上庆惠丰耐磨工业有限公司,238,广安市,132540.0,24.0,1.0329,1199.728918578759
307,丽水新丰达钢管制造有限公司,91,丽水市,79918.0,285.0,1.6005,2550.2655420181195
308,杭州中宝钢球制造有限公司,81,杭州市,100020.0,398.0,8.5576,1919.930821725717
309,江苏金铭阀业科技有限公司,80,宿迁市,37255.0,200.0,0.6646,962.9852542882938
310,云南鸿森管桩建材技术发展有限公司,250,曲靖市,170667.0,82.0,1.9,1820.0
311,江西银河表计有限公司,120,九江市,245523.0,197.0,8.5289,960.030015594039
312,广丰县莱仕衬衫有限公司,127,上饶市,134127.0,169.0,1.1906,960.0
313,望江望凌制衣有限公司,99,安庆市,34966.0,217.0,1.95444,1263.7891160639365
314,河南千王钎具有限责任公司,160,周口市,306070.0,129.0,4.0158,1456.7458538771853
315,山东成武柏远复合材料科技有限公司,144,菏泽市,68557.0,85.0,2.9964,1321.5859030837005
316,烟台大信饲料有限公司,133,烟台市,45000.0,172.0,2.8752,1199.983653311074
317,阳谷鑫辉电缆有限公司,142,聊城市,680369.0,348.0,2.6676,967.1614934772828
318,广西灌阳县银羽铁合金有限公司,210,桂林市,35016.0,327.0,3.8401,628.202911382516
319,徐州永虹纺织有限公司,70,徐州市,73021.0,197.0,1.84612,1186.2717483153858
320,江苏凯晨化工有限公司,75,淮安市,68828.0,43.0,1.966,2522.889114954222
321,江苏三美化工有限公司,73,南通市,236830.0,85.0,30.07569,1440.000013299778
322,内蒙古瑞天元食品有限公司,31,巴彦淖尔市,55209.0,61.0,1.0267,1266.1926560825948
323,浙江杰夫特种纤维有限公司,85,湖州市,146127.0,54.0,2.6668,2103.6448177591124
324,陕西新新彩包装有限公司,261,咸阳市,330873.0,39.0,5.0107,844.104416548586
325,陕西建民新型建材有限公司,261,咸阳市,68198.0,385.0,2.9508,962.4508607835164
326,濮阳市汇金实业有限公司,153,濮阳市,349754.0,66.0,5.4019,2573.1686999018857
327,驻马店安佑饲料科技有限公司,161,驻马店市,59859.0,165.0,2.2031,962.2804230402614
328,德通（连江）金属容器有限公司,108,福州市,595952.0,279.0,8.063,1800.818553888131
329,福建嘉利得食品有限公司,111,三明市,71796.0,116.0,2.5649,1707.668914967445
330,福建奕龙包装制品有限公司,115,龙岩市,45177.0,152.0,2.00003,924.0001399979
331,福建省庄禾竹业有限公司,114,南平市,58530.0,128.0,6.6481,960.1239451873466
332,福建华洲电机有限公司,116,宁德市,37500.0,190.0,0.5995,1500.0834028356965
333,河北安驰轴承有限公司,6,邢台市,64452.0,304.0,2.2898,1856.0572975805744
334,顺平县润东陶瓷制造有限公司,7,保定市,58491.0,315.0,9.3333,999.646427308669
335,安徽省泗县金丝顿纺织有限公司,103,宿州市,74185.0,34.0,1.8515,840.0000000000001
336,太湖县金辉煌电子科技有限公司,99,安庆市,35800.0,106.0,1.3333,877.5219380484511
337,山东金谷食品有限公司,144,菏泽市,57331.0,288.0,5.9673,1327.2334221507213
338,山东成武银联纺织有限公司,144,菏泽市,117738.0,689.0,0.9979,1903.9983966329287
339,枣庄市广汇新型建材有限公司,131,枣庄市,63387.0,420.0,0.6667,2519.874006299685
340,昌邑市龙港无机硅有限公司,134,潍坊市,32331.0,574.0,9.7348,1540.863705469039
341,山东国泰科技有限公司,136,泰安市,54312.0,402.0,7.8449,2540.0
342,江苏海华环保工程有限公司,76,盐城市,58056.0,134.0,4.0,1440.0
343,南通海大生物科技有限公司,73,南通市,234052.0,386.0,11.7232,1439.9938583321955
344,山东欧克家具有限公司,128,济南市,109273.0,855.0,4.1522,1500.409421511488
345,浙江绿远光伏科技有限公司,91,丽水市,100059.0,320.0,1.7749,2033.9737449997183
346,浙江泗盛高新材料有限公司,85,湖州市,219422.0,252.0,3.0,2100.0
347,龙泉龙果汽车零部件有限公司,91,丽水市,43986.0,70.0,0.8224,1200.0
348,连州市连胜塑料科技有限责任公司,202,清远市,46330.0,330.0,3.087711,1693.8113702998758
349,荆门三和管桩有限公司,168,荆门市,488057.0,27.0,16.6858,960.0978077167412
350,湖北思嘉户外用品有限公司,169,孝感市,142899.0,160.0,5.7005,1303.3944390842908
351,平顶山天晟电气有限公司,148,平顶山市,307130.0,15.0,2.9017,2240.06616810835
352,江西大荣塑业有限公司,126,抚州市,149529.0,165.0,0.5953,600.0335965059633
353,新余市永利带钢有限公司,121,新余市,227407.0,66.0,3.220115,962.6985371640454
354,江西金丝燕纺织有限公司,126,抚州市,30009.0,112.0,6.0348,850.069596341221
355,重庆统一企业有限公司,224,重庆市,718712.0,362.0,13.3801,2840.038564734195
356,师宗红盈食品有限公司,250,曲靖市,39132.0,268.0,3.1579,2550.0
357,东营宝丰汽车配件有限公司,132,东营市,346456.0,446.0,12.8662,1787.6296031462284
358,山东密塔化工科技有限公司,131,枣庄市,165968.0,210.0,1.6696,1461.4278869190227
359,高周波热炼（中国）轴承有限公司,135,济宁市,58705.0,200.0,3.4066,2844.4783655257443
360,南宁市桂合丝业有限公司,208,南宁市,176701.0,142.0,4.3412,852.5822353266378
361,淮安市浩宇科技有限公司,75,淮安市,36197.0,19.0,1.76,1204.5454545454545
362,思南强力电杆有限责任公司,248,铜仁市,86070.0,224.0,1.4922,1836.2149845865167
363,贵阳优氏新型建材有限公司,243,贵阳市,113315.0,225.0,0.2812,722.6173541963016
364,贵州森骥装饰材料有限公司,248,铜仁市,68902.0,238.0,10.2212,900.0900090009002
365,浙江协和首信钢业有限公司,84,嘉兴市,6015071.0,238.0,65.4806,2050.0
366,四川和盛包装印务有限公司,236,眉山市,33842.0,222.0,0.947165,917.6014738720288
367,四川弘鼎门业有限公司,242,资阳市,159790.0,144.0,3.3392,1440.0455198850025
368,濮阳市鸿翔食品有限公司,153,濮阳市,212227.0,301.0,2.810149,1234.809969151102
369,南乐金苑面业有限公司,153,濮阳市,105060.0,44.0,11.4371,1391.9612489179951
370,河南柯尼达自动化科技有限公司,154,许昌市,133451.0,121.0,3.9525,2783.0487033523086
371,安达市达庆微米级非金属纤维有限公司,66,绥化市,408202.0,18.0,1.933239,1122.468561828103
372,吉林省长阪车灯有限公司,49,四平市,246292.0,296.0,2.19523,1679.999817786747
373,吉林泽丰矿业有限责任公司,52,白山市,288771.0,294.0,3.3042,438.29943708008
374,吉林市茜茜家居有限责任公司,48,吉林市,43485.0,186.0,1.3806,4274.687816891206
375,河北金佳特精密机械有限公司,6,邢台市,86402.0,174.0,2.8747,1558.4234876682783
376,徐州银塔混凝土有限公司,70,徐州市,62870.0,120.0,0.6258,1709.8114413550657
377,海安县嘉禾化纤有限公司,73,南通市,127325.0,361.0,0.47,1510.6382978723404
378,山东上锐智能电气设备有限公司,141,德州市,48844.0,253.0,4.6869,1664.2130192664663
379,山东河山机械有限公司,143,滨州市,54741.0,84.0,1.6596,2560.0
380,山东啄木鸟羊绒服饰有限公司,141,德州市,71285.0,293.0,10.4151,2688.404336012136
381,陕西秦巴水利水电设备有限公司,266,安康市,163439.0,265.0,4.1667,899.9928000575995
382,立华新进印刷包装（遂宁）有限公司,232,遂宁市,85443.0,13.0,11.60799,1440.0003790492583
383,四川盛马粉末冶金科技有限公司,238,广安市,235774.0,420.0,4.4526,842.2045546422315
384,四川万腾金属制品有限公司,229,德阳市,67840.0,217.0,8.9362,1200.331236991115
385,四川万润非金属矿物材料有限公司,231,广元市,153802.0,129.0,6.666438,1594.5546932259776
386,阜新铭玉液压机械有限公司,41,阜新市,46360.0,397.0,1.332,3273.273273273273
387,阜新鼎立润滑油有限公司,41,阜新市,51549.0,11.0,0.8958,2000.0
388,商丘市双建工量具有限公司,158,商丘市,130727.0,100.0,4.1489,901.443756176336
389,江西开明科技有限公司,124,吉安市,285614.0,62.0,2.7599,902.6066161817456
390,鸿奕实业（九江）有限公司,120,九江市,101308.0,175.0,5.6667,599.9964706089964
391,江西富益特显示技术有限公司,119,萍乡市,30996.0,187.0,3.3355,1109.2789686703643
392,思迈特电梯设备（常熟）有限公司,72,苏州市,186297.0,406.0,2.0401,3100.0000000000005
393,蒂业技凯力知茂（常州）汽车配件有限公司,71,常州市,61277.0,107.0,5.0008,3360.0
394,江苏新安驰铝业有限公司,80,宿迁市,48264.0,349.0,3.1791,960.0
395,江苏久日化工有限公司,74,连云港市,53530.0,14.0,2.2873,1289.730249639313
396,杭州卓艺纤维有限公司,81,杭州市,218000.0,238.0,0.2218,4598.737601442741
397,广水市安宏兄弟运动服饰有限公司,173,随州市,99362.0,327.0,0.9144,1367.016622922135
398,秭归新鑫建筑材料有限公司,165,宜昌市,65499.0,397.0,1.8252,1972.3865877712035
399,山东省泗水县安丰牧业有限公司,135,济宁市,31726.0,158.0,1.2728,2317.724701445632
400,山东东合生物科技有限公司,128,济南市,44495.0,157.0,2.0103,930.2094214793811
401,广西宏发重工机械有限公司,208,南宁市,508864.0,193.0,5.599347,1696.6264101867594
402,天津一口鲜蔬菜有限公司,1,天津市,25845.0,252.0,3.33309,2040.1489308719536
403,天津古猿人建材有限公司,1,天津市,36072.0,313.0,3.14863,2048.509986883184
404,惠州市欧雅兴实业有限公司,197,惠州市,41773.0,105.0,2.0006,2810.00699790063
405,惠州市米琦通信设备有限公司,197,惠州市,236525.0,259.0,5.1791,2722.4807398968933
406,江苏省盱眙太粮米业有限公司,75,淮安市,79770.0,176.0,5.2758,960.0
407,宿迁凯之梦服饰有限公司,80,宿迁市,76479.0,380.0,0.7431,960.0322971336294
408,华蓥市鑫发机械制造有限公司,238,广安市,210728.0,39.0,1.106,858.9511754068715
409,四川生乐生物有限公司,242,资阳市,68860.0,155.0,11.1577,843.1307527537036
410,达州市川虎食品有限公司,239,达州市,68428.0,346.0,3.08274,2150.0
411,四川明亮路桥工程机械有限公司,242,资阳市,207500.0,333.0,2.6665,1439.9399962497655
412,中广核沂水风力发电有限公司,140,临沂市,64794.0,547.0,1.3383,1125.0003736083088
413,山东高唐永旺食品有限公司,142,聊城市,395408.0,225.0,3.335,1619.190404797601
414,丽水宏泰高分子材料有限公司,91,丽水市,30885.0,146.0,1.0178,2907.7421890351734
415,安徽液龙高压油缸有限公司,107,宣城市,31367.0,172.0,2.24,960.0
416,华润新能源（大同）风能有限公司,14,大同市,83655.0,85.0,1.7678,961.64724516348
417,百威英博(河南)啤酒有限公司,151,新乡市,500291.0,58.0,34.9401,1414.134475860115
418,玉山县鑫山矿业有限公司,127,上饶市,24669.0,271.0,1.4442,891.1508101371
419,鹰潭华宝香精香料有限公司,122,鹰潭市,1363889.0,394.0,6.6656,960.1536245799329
420,应城市新都化工塑业有限公司,169,孝感市,94410.0,183.0,2.3121,1946.2826002335537
421,江苏太合食品有限公司,70,徐州市,373307.0,492.0,2.999483,1350.2326901002607
422,常州紫金花铜业有限公司,71,常州市,239164.0,26.0,1.7507,2490.432398469184
423,沧州市金三洋塑业有限公司,10,沧州市,25863.0,400.0,3.1861,2353.975079250494
424,庆云环渤海昊天焊材科技有限公司,141,德州市,81709.0,94.0,8.2852,944.998310239946
425,菏泽达利工贸有限公司,144,菏泽市,121356.0,351.0,6.9623,1070.0486908061991
426,润恒光能有限公司,131,枣庄市,454378.0,2326.0,6.6216,3533.8890902500907
427,吉林兴健蓖麻开发有限公司,54,白城市,194881.0,33.0,18.6054,1250.0000000000002
428,吉林省东元精密机械有限公司,49,四平市,405681.0,350.0,1.0019,1680.0
429,吉林省圣翔建筑材料有限公司,49,四平市,414277.0,188.0,5.0,1680.0
430,黑龙江龙腾平和化工有限公司,66,绥化市,304175.0,135.0,1.522977,1122.800935273481
431,辽宁瑞德橡塑科技有限公司,39,锦州市,54988.0,121.0,6.2392,1705.9879471727145
432,鞍山祥和食品有限公司,35,鞍山市,47624.0,201.0,0.84847,1240.000235718411
433,锦州华洋管桩有限公司,39,锦州市,135244.0,310.0,6.1054,1670.0052412618336
434,盘锦亿坤管桩有限公司,43,盘锦市,112283.0,104.0,3.6362,1398.1629173312797
435,金寨收成电子有限公司,104,六安市,19101.0,288.0,1.7391,1058.0185153240182
436,浦北县佳利木业有限公司,214,钦州市,97670.0,309.0,1.4146,841.2272020359112
437,福建大正厨具有限公司,111,三明市,274675.0,372.0,4.7312,961.7010483598242
438,尤溪县祥瑞纺织有限公司,111,三明市,143742.0,201.0,0.8025,1831.7757009345796
439,河南迪索新材料科技有限公司,161,驻马店市,30585.0,218.0,5.0956,1809.4041918517937
440,镇平县伟业绣品有限责任公司,157,南阳市,126824.0,309.0,2.18,1261.467889908257
441,睢县恒升冷轧有限公司,158,商丘市,296901.0,337.0,10.75374,1134.6936042716302
442,四川海洋塑钢型材有限公司,239,达州市,293456.0,375.0,1.358,1350.0
443,广安市华兴铝业有限公司,238,广安市,729038.0,69.0,4.7745,1200.041889203058
444,四川伟易达科技有限公司,236,眉山市,33000.0,394.0,6.838269,959.994407941542
445,浙江庆元江洲林工贸有限公司,91,丽水市,48115.0,49.0,1.97288,1020.0002027492804
446,江苏东昊橡胶有限公司,80,宿迁市,218663.0,348.0,7.418,961.1755190078188
447,山东瑞亿高铁科技有限公司,141,德州市,60103.0,172.0,9.1042,2306.6277102875592
448,定州市鑫盛金属制品有限公司,7,保定市,60134.0,440.0,6.6666,1455.0145501455015
449,咸阳利永纸制品包装有限公司,261,咸阳市,335098.0,299.0,6.7821,944.8843278630512
450,大连正大管桩有限公司,34,大连市,33338.0,126.0,30.1583,824.3170205217137
451,大连聚兴科技有限公司,34,大连市,65514.0,323.0,2.5107,3851.5155136017847
452,重庆群祥科技有限公司,224,重庆市,177867.0,161.0,4.6666,3840.0548579265424
453,白银广泰铝业有限公司,271,白银市,1605100.0,177.0,5.89562,720.0260532395235
454,甘肃顺泰铝业有限公司,278,定西市,2076083.0,160.0,7.6533,1125.0048998471248
455,甘肃恒通管业制造有限公司,278,定西市,25002.0,244.0,8.2,855.0000000000001
456,焦作市中德液压机械有限公司,152,焦作市,70880.0,416.0,1.9802,959.99495000505
457,焦作龙晨科技有限公司,152,焦作市,43863.0,313.0,1.354324,809.7471506079785
458,新强印刷(惠州)有限公司,197,惠州市,30980.0,64.0,4.12,2810.0
459,韶关德科美化工有限公司,188,韶关市,150843.0,212.0,6.046466,1240.393975588385
460,安吉龙港混凝土制品有限公司,85,湖州市,60936.0,142.0,2.6841,2503.63250251481
461,浙江旭丰钢业有限公司,91,丽水市,166754.0,308.0,3.4035,1350.0
462,山东格瑞泰新材料有限公司,135,济宁市,24703.0,390.0,0.939,2129.9254526091586
463,南通市龙行天下纺织有限公司,73,南通市,43682.0,367.0,0.4193,1669.449081803005
464,泗洪锡梅电子科技有限公司,80,宿迁市,46294.0,135.0,1.2573,959.9936371589916
465,徐州天元纸业有限公司,70,徐州市,91768.0,167.0,15.8,1686.7088607594935
466,河北艾森德化工有限公司,2,石家庄市,117987.0,260.0,1.3333,1320.0330008250207
467,衡水康业阀门有限公司,12,衡水市,38340.0,422.0,0.7201,959.8666851826137
468,浦北县方长木业有限公司,214,钦州市,99242.0,47.0,1.4956,842.471248997058
469,沿河鑫龙农牧开发有限责任公司,248,铜仁市,69691.0,183.0,2.8745,784.0
470,盘锦鸿元化工有限公司,43,盘锦市,131162.0,315.0,3.5099,1467.8480868400811
471,辽宁尚生生物科技发展股份有限公司,43,盘锦市,131552.0,386.0,5.3334,1462.2942213222334
472,营口圣易达铜业有限公司,40,营口市,256014.0,368.0,2.0124,1820.0
473,绵阳玛斯特服饰有限公司,230,绵阳市,34198.0,368.0,2.6686,963.0517874540958
474,四川省天运民康中药饮片有限公司,236,眉山市,31400.0,350.0,0.729,898.4910836762688
475,广安昶力电缆有限公司,238,广安市,504386.0,382.0,1.4724,1200.013583265417
476,四川美裕铝业有限公司,236,眉山市,801628.0,291.0,4.1926,1202.1180174593333
477,山东宇宏太阳能光电科技有限公司,131,枣庄市,115416.0,171.0,1.3333,1627.540688517213
478,山东邦美玻璃科技有限公司,144,菏泽市,121347.0,336.0,5.3333,1725.0107813173831
479,豪雅光电科技（威海）有限公司,137,威海市,179211.0,217.0,5.8749,2897.999965956867
480,平利县奕超光电科技有限公司,266,安康市,173454.0,274.0,0.7954,1283.8056323862206
481,宁陕东洋石业有限公司,266,安康市,73464.0,276.0,4.0024,1839.5162902258649
482,哈尔滨顺兴光通信科技有限公司,55,哈尔滨市,37460.0,101.0,1.889,1440.0
483,哈尔滨鸿源生物工程有限公司,55,哈尔滨市,41850.0,69.0,1.7,1360.0
484,鑫联金属资源（太仓）有限公司,72,苏州市,28096.0,405.0,0.93297,2529.556148643579
485,江苏森鼎木业有限公司,80,宿迁市,61412.0,198.0,1.9238,959.9750493814328
486,沈阳博阳饲料有限公司,33,沈阳市,400432.0,598.0,5.1622,1440.0
487,叶集合和人造板有限公司,104,六安市,197923.0,57.0,3.38581,1057.354074800417
488,六安顺发冶金装备有限公司,104,六安市,207208.0,31.0,10.6825,1052.188158202668
489,寿县鹏森木业有限公司,104,六安市,67245.0,325.0,1.78164,960.3511371545318
490,湖南航发重钢结构有限公司,180,常德市,19925.0,78.0,6.6793,2522.719446648601
491,肇东东顺纸业有限公司,66,绥化市,300348.0,228.0,15.85,1700.0
492,抚松县参龙生物科技有限公司,52,白山市,66379.0,130.0,0.9809,1670.0
493,福建省旺禾工艺有限公司,114,南平市,67577.0,183.0,1.3449,960.6662205368428
494,盈辉光电（漳州）有限公司,113,漳州市,320251.0,109.0,1.842414,890.1365274037214
495,福建紫雄能源发展有限公司,115,龙岩市,23450.0,184.0,3.70972,923.9999245226056
496,艾而丹（漳州）光电科技有限公司,113,漳州市,210148.0,98.0,3.2291,795.8873989656561
497,武平县金瑞达机械制造有限公司,115,龙岩市,47010.0,395.0,2.6599,600.0
498,东营益美得化工有限公司,132,东营市,719412.0,248.0,7.2839,1482.7221680693035
499,潍坊泰兴生物化工有限责任公司,134,潍坊市,49476.0,191.0,3.4375,1550.5454545454545
500,保定圣雪绒羊绒制品有限公司,7,保定市,161944.0,290.0,2.2225,1156.355455568054
501,日泓（雅安）电子有限公司,240,雅安市,87895.0,348.0,4.8633,840.1702547652828
502,广安南迪节能建材有限公司,238,广安市,33774.0,14.0,1.0089,1200.11894142135
503,四川欧化宝家具有限公司,238,广安市,59872.0,24.0,5.8691,1200.0136307099897
504,四川凯达包装印务有限公司,236,眉山市,300163.0,86.0,1.4247,1799.9578858707096
505,南充攀登食品有限公司,235,南充市,187873.0,381.0,5.6867,840.4171136159812
506,青岛宏信凝易固干混砂浆有限公司,129,青岛市,25026.0,189.0,1.4197,1613.016834542509
507,青岛海达新能源材料有限公司,129,青岛市,24700.0,298.0,3.2717,1589.3877800531834
508,青岛鹤来饲料有限公司,129,青岛市,429584.0,181.0,3.3869,1133.7801529422186
509,湖南凯邦生物科技有限公司,175,株洲市,32517.0,337.0,2.0398,1892.342386508481
510,贵州中鼎环保科技有限公司,243,贵阳市,337903.0,107.0,21.77402,2847.430102479928
511,辽宁东铄新材料科技有限公司,37,本溪市,42726.0,353.0,2.9252,2273.348830849173
512,好食（营口）实业有限公司,40,营口市,116979.0,81.0,11.4701,1680.0
513,天津凯兰德自行车有限公司,1,天津市,22311.0,145.0,2.02353,3360.4641393999595
514,江西欧克科技有限公司,120,九江市,208378.0,222.0,5.043,840.0
515,江西华兴橡塑有限公司,126,抚州市,147325.0,284.0,1.8866,600.0212021626205
516,江西省海润机械有限公司,126,抚州市,159770.0,400.0,1.731335,635.3478673971242
517,浙江庄诚竹业有限公司,91,丽水市,51300.0,371.0,1.0,1020.0
518,河南捷盛达新能源科技有限公司,159,信阳市,387970.0,394.0,6.257,840.0
519,河北大道金属制品有限公司,10,沧州市,13923.0,355.0,2.6666,1263.7815945398636
520,乐陵市厨大妈食品有限公司,141,德州市,125914.0,429.0,1.6,1575.0
521,广西兄弟路标涂料有限公司,218,贺州市,155321.0,406.0,13.91144,1982.5409878488492
522,华蓥市泓芸庄服装有限公司,238,广安市,194000.0,366.0,1.8596,860.4000860400085
523,四川勇刚机械有限责任公司,238,广安市,292835.0,38.0,3.3622,839.9857236333354
524,四川省来汇木业有限公司,235,南充市,186108.0,113.0,7.212,840.0
525,广安恒盛建材有限公司,238,广安市,471781.0,91.0,0.758134,1200.0517058989572
526,盐城苏美特纺织有限公司,76,盐城市,81876.0,396.0,0.1496,1320.0
527,淮安淮扬矿粉有限公司,75,淮安市,158500.0,275.0,0.9966,2528.597230583985
528,湖北鸿祥服饰有限公司,173,随州市,107639.0,561.0,1.358,1325.4786450662737
529,秭归县红雷矿业有限公司,165,宜昌市,93013.0,286.0,1.9058,1101.8994647916886
530,河南锐力体育用品有限公司,158,商丘市,267988.0,363.0,20.6102,1785.22770278794
531,郎溪县远大铜业有限公司,107,宣城市,821834.0,12.0,5.4028,921.7442807433184
532,浙江昱扬电子实业有限公司,84,嘉兴市,23081.0,276.0,1.7771,4895.616453773001
533,福建天利高新材料有限公司,115,龙岩市,103897.0,401.0,6.3411,1110.0000000000002
534,三明共聚塑胶有限公司,111,三明市,40536.0,199.0,1.308,1376.1467889908258
535,福建省祥盛彩印包装有限公司,114,南平市,30366.0,403.0,2.5157,1512.4657153078667
536,府谷县隆鑫昌泰商贸有限公司,265,榆林市,264456.0,217.0,4.6667,964.27882657981
537,丽水鸿昌混凝土有限公司,91,丽水市,55950.0,260.0,0.9653,1357.4018439863255
538,黑龙江华大不锈钢制品有限公司,66,绥化市,112904.0,142.0,1.0,1133.0
539,江西中望实业有限公司,126,抚州市,31754.0,181.0,7.8533,600.0025467001133
540,辽宁大好大食品集团有限公司,35,鞍山市,46330.0,146.0,2.0,1240.0
541,本溪市锋达辽砚奇石有限公司,37,本溪市,69463.0,46.0,2.3321,1951.031259379958
542,辽宁东戴河新区瑞实石油科技有限公司,46,葫芦岛市,27536.0,163.0,1.9032,1760.1933585540144
543,四川广安鼎胜纸业有限公司,238,广安市,236288.0,54.0,4.7942,844.770764673981
544,广安市金来钢化玻璃有限公司,238,广安市,494066.0,62.0,0.7859,1200.152691182084
545,四川毅恒重工机床有限公司,229,德阳市,477507.0,63.0,5.3548,2040.0
546,重庆九亨食品有限公司,224,重庆市,48138.0,174.0,1.0173,1350.0442347390149
547,成武伯乐精密铸锻有限公司,144,菏泽市,87678.0,275.0,0.9441,932.1046499311512
548,六安市恒能生物质能源有限公司,104,六安市,162459.0,29.0,1.34227,1065.3594284309415
549,吉林省百盛汽车车身制造有限公司,49,四平市,396163.0,315.0,4.3179,1680.0
550,吉林森盈木业有限公司,48,吉林市,51362.0,325.0,2.66,1917.2932330827064
551,通化市久安商品混凝土有限公司,51,通化市,63522.0,369.0,1.493,1433.3556597454788
552,电白县海篮水产有限公司,195,茂名市,167545.0,193.0,2.43431,1680.1475572133377
553,五常万金隆钢构彩板有限公司,55,哈尔滨市,21568.0,177.0,3.9992,1619.99899979996
554,哈尔滨东方华兴钢构彩板有限公司,55,哈尔滨市,139112.0,283.0,3.5018,1619.9954309212403
555,福建省龙晶选煤有限公司,115,龙岩市,39157.0,33.0,5.3878,599.9999999999999
556,宁夏锦泰新材料有限公司,283,吴忠市,23500.0,387.0,20.0,1050.0
557,泗洪鑫隆机械铸造有限公司,80,宿迁市,122459.0,390.0,0.3289,959.866220735786
558,甘肃中盛铝业有限公司,278,定西市,912154.0,19.0,11.27,1274.622892635315
559,河南福马车辆有限公司,152,焦作市,374114.0,175.0,5.9377,840.0053892921501
560,郑州亚太陶粒科技有限公司,145,郑州市,845611.0,173.0,2.254529,1818.561659663726
561,烟台乾润泰新型建材有限公司,133,烟台市,32417.0,22.0,3.0712,1350.0
562,临沂市君临食品有限公司,140,临沂市,458894.0,295.0,0.7281,1170.0315890674358
563,吉林省瑞恒机械有限公司,47,长春市,44680.0,333.0,4.1655,1440.1632457087985
564,信宜市昌盛毛织有限公司,195,茂名市,191214.0,17.0,3.6062,2096.389551328268
565,四川秦渝机电有限公司,238,广安市,101265.0,93.0,2.2531,839.9982246682349
566,平昌温氏畜牧有限公司,241,巴中市,122454.0,323.0,4.007493,3640.6800960101486
567,四川川辣源食品有限公司,236,眉山市,41024.0,355.0,2.0,1215.0
568,江西志特现代建筑科技有限公司,126,抚州市,86480.0,105.0,7.081769,629.9999336324017
569,吴江京奕特种纤维有限公司,72,苏州市,151769.0,329.0,2.00718,2879.999800715432
570,泗洪中龙自动化设备有限公司,80,宿迁市,44219.0,126.0,0.4337,960.1106755821996
571,大丰海天医药科技有限公司,76,盐城市,217816.0,129.0,0.8604,1440.0
572,山东天辰智能停车设备有限公司,141,德州市,95400.0,207.0,4.5242,1701.9583572786348
573,山东高唐天齐液压机械有限公司,142,聊城市,161330.0,128.0,1.6699,1586.9213725372776
574,贵州必登高鞋业有限公司,248,铜仁市,87116.0,12.0,3.3722,1972.0064053140384
575,辽宁华林石油化工有限公司,39,锦州市,34351.0,361.0,1.5841,1245.50217789281
576,辽宁拜斯特复合材料有限公司,36,抚顺市,33565.0,340.0,6.6667,1740.0062999685
577,朝阳鑫宁保温材料有限公司,45,朝阳市,77475.0,127.0,2.2906,1353.3571989871648
578,宁波秉航电子科技有限公司,82,宁波市,62018.0,257.0,3.1557,5250.815983775391
579,古田宇鑫包装材料有限公司,116,宁德市,30180.0,274.0,1.2961,1049.9729959108092
580,厦门保沣实业有限公司,109,厦门市,436075.0,256.0,27.8233,1759.2025748203844
581,大连创元新材料有限公司,34,大连市,20520.0,59.0,6.37164,3499.8838603562035
582,黑龙江正民机械技术开发有限公司,62,佳木斯市,26700.0,349.0,2.956007,1210.010666415878
583,科兴空调设备制造有限公司,12,衡水市,65680.0,81.0,3.11439,1029.993032343412
584,湖北冠森竹纤维制品有限公司,172,咸宁市,98000.0,360.0,2.69628,1754.2688444820271
585,湖北润宏电力建设有限公司,168,荆门市,113355.0,372.0,4.377,1629.7591957962077
586,湖北金牛管业有限公司,167,鄂州市,579376.0,282.0,11.022,2879.6951551442567
587,湖北金恒盛门窗有限责任公司,165,宜昌市,32364.0,298.0,2.001229,1648.9866976742792
588,湖北杰隆防锈科技有限公司,170,荆州市,22000.0,43.0,0.903931,1570.9163641915145
589,湖北名象木业有限公司,169,孝感市,50850.0,251.0,1.3334,1687.4156292185394
590,鄂州市奥星非织造布有限公司,167,鄂州市,29000.0,220.0,4.46938,2378.4059533984578
591,德阳祥宇鬃业有限公司,229,德阳市,122617.0,377.0,0.4116,440.0
592,四川广安海霞机械设备有限公司,238,广安市,228554.0,394.0,1.3758,872.2197993894462
593,巴中渝翔机械制造有限公司,241,巴中市,215800.0,114.0,5.22607,840.0193644555087
594,四川两江纺织有限公司,238,广安市,276492.0,24.0,2.6026,840.0061476984554
595,四川升科纺织有限公司,238,广安市,23242.0,329.0,1.3535,840.0
596,四川勤琴纺织有限公司,238,广安市,121339.0,307.0,2.666,840.0
597,四川荣煜纺织有限公司,238,广安市,271665.0,361.0,3.5788,840.002235386163
598,四川德铭电子科技有限公司,239,达州市,176233.0,251.0,2.000188,634.9403156103326
599,泸州拓力源塑胶制品有限公司,228,泸州市,26447.0,313.0,1.6205,1200.1234186979327
600,四川豪德科技有限公司,235,南充市,164327.0,129.0,2.0074,839.972103218093
601,四川钜宝矿业有限公司,231,广元市,34916.0,323.0,1.176231,1530.3116479671085
602,广安京辉食品有限公司,238,广安市,35770.0,352.0,0.06654,840.0961827472197
603,江苏新科电器有限公司,71,常州市,697588.0,315.0,7.76961,5250.855577049556
604,江苏新创雄铝制品有限公司,80,宿迁市,47049.0,22.0,0.9334,960.0
605,沭阳县旭东木业制品厂,80,宿迁市,51512.0,226.0,0.2887,969.8649116730168
606,梦卡迪（泗洪）视光科技有限公司,80,宿迁市,236783.0,133.0,0.70477,960.0295131745108
607,漯河市邓湖水暖有限公司,155,漯河市,114066.0,401.0,1.24045,2991.978717400943
608,清丰同化新材料科技有限公司,153,濮阳市,892620.0,329.0,2.4715,1792.43374468946
609,新野县凯林家用电器有限公司,157,南阳市,145322.0,196.0,2.33438,2998.654889092607
610,唐河县科瑞科技有限公司,157,南阳市,23086.0,300.0,2.1891,1827.2349367319905
611,广西浦北凯兴电子制品有限公司,214,钦州市,98169.0,94.0,3.485985,840.5084932952952
612,华润雪花啤酒（广西）有限公司,218,贺州市,70142.0,123.0,15.1403,990.733340818874
613,山东卓奇亚装饰材料有限公司,141,德州市,45287.0,254.0,1.4274,1681.3787305590586
614,山东聊城科创钢构有限公司,142,聊城市,68229.0,152.0,4.4806,1200.0000000000002
615,山东陆发仓储有限公司,140,临沂市,191274.0,238.0,0.66671,2534.8352357096787
616,德州奥博尔炊具科技有限公司,141,德州市,98604.0,184.0,3.721975,975.0001007529604
617,芜湖市雅克羽绒制品有限责任公司,93,芜湖市,29972.0,170.0,1.6667,965.9806803863922
618,安徽朗润新材料科技有限公司,94,蚌埠市,30711.0,103.0,6.2846,840.1489354931101
619,郎溪瑞丰铜业有限公司,107,宣城市,266182.0,342.0,5.8202,920.9305522147006
620,安徽朗世光电有限公司,102,阜阳市,266708.0,189.0,8.3691,1075.384449940854
621,无为县胜斯特服饰有限公司,93,芜湖市,45360.0,178.0,0.2604,1020.0
622,萍乡天阳混凝土有限公司,119,萍乡市,25048.0,161.0,2.336,1318.4931506849316
623,江西车仆实业有限公司,117,南昌市,225383.0,269.0,13.31282,3839.955771955153
624,鄱阳县银宝湖骏博服饰有限公司,127,上饶市,23596.0,329.0,0.80163,935.5937277796488
625,江西卓远纺织有限公司,126,抚州市,136473.0,143.0,6.83518,840.0071395339991
626,沈阳市友发实业有限公司,33,沈阳市,27714.0,402.0,4.271243,4810.000039801061
627,乾安县吉星新能源有限公司,53,松原市,106335.0,396.0,15.0,840.0
628,桦甸市汇金钙业有限公司,48,吉林市,262320.0,192.0,2.8604,2837.931408194658
629,磐石市鸿鹏食品有限公司,48,吉林市,20930.0,278.0,0.6175,1493.2194331983806
630,日立汽车系统（广州）有限公司,187,广州市,71308.0,216.0,17.574297,4199.989791910311
631,福建康鑫矿山设备制造有限公司,116,宁德市,43151.0,395.0,1.4915,1050.0234663090848
632,福建省九尔光电有限公司,114,南平市,29063.0,111.0,1.771626,1430.6445039754442
633,河北盛鼎保温材料有限公司,12,衡水市,78113.0,347.0,2.6602,1078.8662506578453
634,舞阳威森生物医药有限公司,155,漯河市,33176.0,359.0,1.98223,1200.0121075758111
635,邓州市绿鑫源包装印刷有限公司,157,南阳市,115360.0,188.0,12.3135,2205.709180980225
636,许昌县金福源发制品有限公司,154,许昌市,40735.0,32.0,1.351,2790.525536639526
637,新野县立新电子有限公司,157,南阳市,123258.0,331.0,2.15643,3014.2411300158137
638,内黄同新矿业有限公司,149,安阳市,52334.0,169.0,6.042216,1254.506624721791
639,郑州西格玛新型材料股份有限公司,145,郑州市,521223.0,288.0,2.0564,1677.6891655319978
640,鹤壁人民黎源电气有限公司,150,鹤壁市,30233.0,213.0,3.1419,2052.8979280053472
641,温县嘉辉食品有限公司,152,焦作市,256712.0,404.0,0.8342,839.9664349076959
642,山东临沃重机有限公司,128,济南市,243527.0,285.0,10.2761,4778.077286129952
643,济南燎原数控机械有限公司,128,济南市,23705.0,386.0,4.978,1106.8702290076335
644,济南汇伟新材料有限公司,128,济南市,79376.0,311.0,1.88185,1966.1503307915084
645,江苏统信电子科技有限公司,75,淮安市,20514.0,256.0,9.478,2520.573960751213
646,江苏欧盛照明有限公司,75,淮安市,58815.0,17.0,3.8011,1202.2835494988292
647,苏州天顺新能源科技有限公司,72,苏州市,65780.0,247.0,20.2901,2520.441003247889
648,安川（中国）机器人有限公司,71,常州市,86040.0,122.0,5.187988,3359.999868927993
649,常州尼勒电缆有限公司,71,常州市,22842.0,259.0,3.44714,3359.999883961777
650,苏州优金金属成型科技有限公司,72,苏州市,107082.0,94.0,1.03632,2528.176624980701
651,江苏鑫冶金属板业有限公司,73,南通市,86465.0,151.0,3.5549,2400.0000000000005
652,江苏永润包装材料有限公司,80,宿迁市,55337.0,170.0,1.9765,959.9797622059197
653,溧阳市峻成特种焊接耐磨材料有限公司,71,常州市,80564.0,253.0,1.9351,2490.8273474239054
654,佛山市高明通威饲料有限公司,192,佛山市,183598.0,234.0,3.340039,2721.5251079403565
655,安徽柯美特建材有限公司,93,芜湖市,116074.0,228.0,4.8805,1276.5085544513884
656,安徽达胜辐照科技有限公司,93,芜湖市,26141.0,244.0,1.684718,1278.018042188663
657,阜阳龙跃精密轴承有限公司,102,阜阳市,47499.0,258.0,1.5467,2191.763108553695
658,安徽旭特电子科技有限公司,101,滁州市,37114.0,136.0,6.66717,960.0025198097544
659,阜阳市娇兰家居装饰品有限公司,102,阜阳市,56271.0,399.0,2.1757,2210.7827365905227
660,安徽省宁国市佰利尔食品有限公司,107,宣城市,32036.0,142.0,0.88138,1200.0
661,马鞍山市华强金属制品有限公司,96,马鞍山市,39973.0,306.0,0.5807,1532.6330291028069
662,成都科德宝宝翎滤清器有限公司,225,成都市,21849.0,20.0,1.2,2400.0
663,利津营海建材有限公司,132,东营市,71227.0,91.0,3.3627,1284.6819520028548
664,绵阳市梓椒食品有限公司,230,绵阳市,40195.0,274.0,1.010232,1599.9998020256735
665,贵州卓正市政建设有限公司,246,安顺市,44306.0,331.0,1.8423,1574.1193073875047
666,瑞庆汽车发动机技术有限公司,152,焦作市,750273.0,302.0,23.3563,2096.222432491448
667,阜新辉宇农业机械制造有限责任公司,41,阜新市,60384.0,233.0,1.085,1780.0
668,阜新合力机械有限公司,41,阜新市,21850.0,206.0,0.8295,3303.1946955997587
669,阜新合鑫新型建材有限公司,41,阜新市,33956.0,336.0,2.197348,2621.341726481195
670,涿州市腾跃印刷材料有限公司,7,保定市,25450.0,337.0,2.2024,2983.1093352706143
671,平江县瑞丰米业有限公司,179,岳阳市,105115.0,395.0,0.7193,1355.4844988182956
672,湖南亚深汽配电子科技有限公司,180,常德市,25834.0,231.0,2.791459,1199.9459780709658
673,津市华星泰实业有限公司,180,常德市,50535.0,297.0,2.06541,1641.3206094673696
674,中航森瑞武汉新材料有限公司,162,武汉市,151229.0,153.0,9.8922,3416.8334647500046
675,那智不二越（江苏）精密机械有限公司,72,苏州市,104176.0,307.0,5.31861,3890.0000188019058
676,江苏甬实钢结构有限公司,75,淮安市,25000.0,275.0,1.1556,1220.1453790238836
677,江苏晟植米业有限公司,80,宿迁市,32588.0,36.0,1.156,960.2076124567476
678,江苏久富金属制品有限公司,80,宿迁市,73777.0,190.0,2.484,962.1578099838968
679,上上集团江苏环保包装股份有限公司,80,宿迁市,39975.0,291.0,10.868,1440.0
680,滨海力天科技有限公司,76,盐城市,45000.0,115.0,3.9143,1230.0028102087217
681,江苏派尔克汽车产品有限公司,75,淮安市,34530.0,204.0,2.5106,1202.8997052497411
682,溧阳市塑宝塑胶科技有限公司,71,常州市,32102.0,174.0,1.3423,2495.716307829844
683,江苏维迅纺织实业有限公司,76,盐城市,67600.0,181.0,1.7093,1405.1951091089918
684,甘肃通渭飞天食品有限公司,278,定西市,39293.0,358.0,4.8069,1430.0
685,天祝鑫宏和矿业有限公司,273,武威市,572790.0,100.0,1.6408,532.4536811311555
686,青岛力材瑞达聚氨酯有限公司,129,青岛市,40619.0,351.0,2.8264,1521.3699405604302
687,垦利昌达化工有限公司,132,东营市,26833.0,369.0,2.6673,1349.6794511303565
688,高密广大食品有限公司,134,潍坊市,26951.0,14.0,2.062,1353.0552861299711
689,莱芜市赛洋复合材料有限公司,139,莱芜市,26985.0,291.0,2.603,2285.82404917403
690,山东富宇化工有限公司,132,东营市,1526335.0,290.0,16.90163,1124.151930908439
691,山东永力重工科技发展有限公司,134,潍坊市,24567.0,132.0,17.3358,1960.105677269004
692,滁州市博海电器有限公司,101,滁州市,32542.0,94.0,2.5371,1694.8484490165936
693,安徽润青工贸有限公司,106,池州市,63045.0,391.0,3.0997,961.3833596799692
694,湖北京山亨得利实业有限公司,168,荆门市,98654.0,43.0,9.805362,960.6988502821212
695,房县兆丰实业有限公司,164,十堰市,42752.0,114.0,2.6666,3656.341408535213
696,湖北宇隆新能源有限公司,165,宜昌市,164287.0,361.0,5.651566,5218.022756878359
697,福建科福材料有限公司,112,泉州市,23450.0,381.0,6.2682,1320.0
698,邵武市金禾商贸有限公司,114,南平市,50653.0,370.0,2.2907,1200.0
699,浙江研和新材料有限公司,84,嘉兴市,35833.0,52.0,2.0667,2999.95161368365
700,浙江康慈医疗科技有限公司,88,衢州市,62291.0,138.0,2.3527,2419.9999999999995
701,抚州昌佳安防科技有限公司,126,抚州市,29500.0,368.0,2.5,600.0
702,赣州华鑫针织有限公司,123,赣州市,93235.0,91.0,1.77075,841.4513624170548
703,江西省力达机械有限公司,124,吉安市,23365.0,179.0,1.375572,981.4099152934198
704,黑龙江省宝盛龙钢结构工程有限公司,55,哈尔滨市,160660.0,155.0,3.7144,1709.9935386603488
705,商都县晔兆冶金有限责任公司,32,乌兰察布市,331970.0,135.0,9.9987,721.0937421864843
706,中山宝宝好儿童用品有限公司,204,中山市,167500.0,15.0,6.66667,5999.9970000015
707,肇庆凯艺装饰制品有限公司,196,肇庆市,26751.0,293.0,2.6651,1958.650707290533
708,南阳市领驭机械有限公司,157,南阳市,330080.0,20.0,3.29675,1486.3122772427391
709,信阳市立翔维斯顿食品有限责任公司,159,信阳市,126157.0,83.0,6.6667,1500.0
710,河北奎鹏交通设施有限公司,5,邯郸市,1037181.0,198.0,4.61867,840.068677779534
711,邯郸市峰峰豪睿煤炭洗选有限公司,5,邯郸市,24233.0,331.0,2.3324,1950.78031212485
712,宿迁南鹏合成橡塑新材料科技有限公司,80,宿迁市,69227.0,333.0,2.6666,960.024000600015
713,苏州浩驰新能源装备有限公司,72,苏州市,29449.0,378.0,1.99858,3360.000100071051
714,江苏荣泽纺织有限公司,76,盐城市,38410.0,107.0,0.711,1470.0
715,宿迁市美达净化科技有限公司,80,宿迁市,55139.0,353.0,1.0007,959.9280503647448
716,宿迁市德旺食品有限公司,80,宿迁市,26055.0,125.0,1.2784,960.0
717,山东珠琳工程机械股份有限公司,140,临沂市,27639.0,388.0,6.6692,1874.287770647154
718,马鞍山都邦金属制品有限公司,96,马鞍山市,27016.0,396.0,0.8601,1523.0787117777004
719,安达市华峪坤商品混凝土有限公司,66,绥化市,181393.0,50.0,3.5,1120.0
720,黑龙江省超越建材有限公司,66,绥化市,97407.0,150.0,2.88348,1260.0000693606337
721,桦南兴宇建材有限责任公司,62,佳木斯市,56113.0,248.0,3.053413,671.379862468654
722,黑龙江日升昌农产品加工有限公司,56,齐齐哈尔市,36581.0,151.0,4.60462,1349.9919645920838
723,四川海聚环保科技有限责任公司,231,广元市,120616.0,398.0,3.446359,1189.661320831637
724,四川自胜机电设备有限责任公司,230,绵阳市,35409.0,124.0,3.149668,1369.9999492009952
725,四川弛耐普春光建材有限公司,238,广安市,536419.0,22.0,3.956266,1199.9951469390585
726,四川老船王食品有限责任公司,235,南充市,35152.0,163.0,1.964,845.2138492871691
727,隆昌县宜兴陶瓷制品有限公司,233,内江市,36585.0,318.0,2.389818,845.2526510386983
728,浙江思德宝纺织品有限公司,85,湖州市,57579.0,28.0,0.2064,2131.782945736434
729,浙江兰棉纺织有限公司,87,金华市,321268.0,297.0,6.0721,3577.404851698753
730,湖南王海选矿材料有限公司,179,岳阳市,21721.0,181.0,1.0664,2278.694673668417
731,湖南金程齿轮机械有限公司,179,岳阳市,36271.0,278.0,4.6643,1395.7078232532217
732,陕西富平兰讯时代实业有限公司,262,渭南市,161243.0,27.0,4.544,2970.950704225352
733,长春泰盟机械制造有限公司,47,长春市,32000.0,341.0,2.2871,1440.2518473175635
734,焦作福进机械制造有限公司,152,焦作市,23653.0,339.0,3.1184,2389.0456644433043
735,南乐县鸿丰制衣有限公司,153,濮阳市,91641.0,408.0,2.0032,1452.6757188498402
736,许昌浩瀚工艺饰品有限公司,154,许昌市,106401.0,225.0,2.4087,2789.886660854403
737,福建省原态农业有限公司,115,龙岩市,26157.0,393.0,9.33116,1110.0000428671249
738,福建同方化纤有限公司,116,宁德市,35505.0,167.0,0.3866,4350.232798758407
739,清苑县鑫隆机械制造有限公司,7,保定市,107838.0,294.0,0.4667,1307.0494964645382
740,阜城县亿丰崇佳包装材料有限公司,12,衡水市,94913.0,63.0,4.7066,1125.0159350699018
741,邢台超岩建材有限公司,6,邢台市,33326.0,208.0,5.7198,1439.9979020245462
742,馆陶县泰达化工有限公司,5,邯郸市,32505.0,160.0,2.9086,842.3296431272777
743,张北县绿通纸业有限责任公司,8,张家口市,56646.0,149.0,1.0,1500.0
744,河北国燕橡胶有限公司,3,唐山市,330542.0,296.0,4.284,2070.494864612512
745,重庆强鸿商品混凝土有限公司,224,重庆市,106415.0,379.0,1.49864,4500.013345433193
746,重庆合川渝州酿酒有限公司,224,重庆市,81127.0,299.0,3.2269,1970.0
747,江西欣盛泰实业有限公司,125,宜春市,29130.0,122.0,1.60117,1199.9975018267892
748,江西聚贤化纤有限公司,126,抚州市,78855.0,351.0,3.4686,600.011532030214
749,江西红海新型脚手架有限公司,127,上饶市,507407.0,270.0,5.3789,960.0104110505866
750,江苏友富薄板科技有限公司,80,宿迁市,287835.0,245.0,7.252,961.1141753998896
751,江苏仁爱建材科技开发有限公司,75,淮安市,113053.0,139.0,0.8267,1221.724930446353
752,随州市楚香隆食品有限公司,173,随州市,96889.0,149.0,1.667,1685.6628674265148
753,湖北奥莱斯轮胎有限公司,163,黄石市,823916.0,170.0,37.192,1241.3959991395998
754,湖北中马动力制造有限公司,172,咸宁市,155870.0,152.0,5.3556,1486.294719545896
755,湖北伟特电子有限公司,170,荆州市,177522.0,249.0,14.9968,2909.2873146271204
756,湖北琼丰米业有限公司,170,荆州市,66091.0,372.0,0.486066,1008.0935510815405
757,湖北百友汽车有限公司,169,孝感市,219090.0,360.0,5.33336,2156.239218803906
758,湖北京山金朗玛实业有限公司,168,荆门市,42409.0,48.0,1.305917,1401.3141723402025
759,荆门市碧鲜农业发展有限公司,168,荆门市,33540.0,307.0,0.3117,1718.3188963747195
760,安徽科正新材料有限公司,107,宣城市,48425.0,400.0,3.3,1200.0
761,吉林市金泰化工有限公司,48,吉林市,45210.0,117.0,1.13,3385.546902654868
762,吉林丰瑞农业开发有限公司,53,松原市,73550.0,168.0,2.6678,634.8999175350476
763,河南迈特新能源科技有限公司,160,周口市,39872.0,283.0,8.0041,840.8190802213867
764,河南耀腾顺玻璃有限公司,158,商丘市,127671.0,276.0,2.9973,840.7566810129116
765,四川省永生药业有限公司,235,南充市,28435.0,203.0,1.592246,929.8563161722498
766,宾阳通威饲料有限公司,208,南宁市,200000.0,249.0,1.837197,847.4866876007309
767,广西南财管道有限公司,217,百色市,32255.0,10.0,13.32369,1260.000345249702
768,沧州苑园生物科技有限公司,10,沧州市,22470.0,266.0,1.2,2200.0
769,张北源丰现代农业开发有限公司,8,张家口市,49230.0,154.0,1.3333,750.0187504687618
770,邵阳华人重工机械有限公司,178,邵阳市,28320.0,30.0,1.213392,1349.9347284307132
771,江苏福莱居家纺科技有限公司,80,宿迁市,82542.0,234.0,5.9066,961.6361358480344
772,安徽栋泰农业科技发展有限公司,96,马鞍山市,46593.0,12.0,1.4204,1410.1661503801745
773,安徽泰普自控电气有限公司,97,淮北市,152512.0,395.0,0.753945,3448.5274124770376
774,安徽港源家居工艺品有限公司,102,阜阳市,149913.0,285.0,3.77019,1002.6019908810962
775,福建省福鼎市丰顺纸管有限公司,116,宁德市,56927.0,94.0,0.3295,1882.5493171471928
776,福建闽瑞纤维有限公司,114,南平市,105000.0,316.0,3.3743,600.0
777,北京富耐恩电子设备有限公司,0,北京市,23779.0,33.0,1.323711,756.0562690798822
778,天津市乾寰机械设备有限公司,1,天津市,26760.0,249.0,1.33332,3360.033600336003
779,铂世利流体连接件（天津）有限公司,1,天津市,21320.0,164.0,2.65644,3361.641896673744
780,河南省京良饮料有限公司,153,濮阳市,49486.0,310.0,5.599295,1607.3452104238122
781,江西利丰鞋业有限公司,127,上饶市,39665.0,395.0,6.49799,1769.778039055154
782,峡江县丰源铜业有限公司,124,吉安市,1326856.0,371.0,1.656,960.024154589372
783,江西省坤达科技有限公司,124,吉安市,96521.0,69.0,3.6252,882.6922652543308
784,莒县大自然生物质能热电有限公司,138,日照市,60993.0,146.0,18.9157,1649.9999999999998
785,山东木言木语家居有限公司,136,泰安市,23172.0,199.0,2.2388,1986.4659639092367
786,临沭县宝达机械配件有限公司,140,临沂市,41995.0,396.0,0.4333,2079.000692360951
787,山东省中信宝莱德光电科技有限公司,140,临沂市,31136.0,56.0,6.6511,1820.7514546466
788,绮丽集团济宁佳荣制衣有限公司,135,济宁市,37938.0,103.0,1.6755,2626.081766636825
789,邯郸市恒工冶金机械有限公司,5,邯郸市,73282.0,147.0,6.0,840.0
790,凌云县建雄木业有限公司,217,百色市,89174.0,298.0,2.5753,1009.5911155981828
791,江苏中船金属材料有限公司,76,盐城市,44391.0,169.0,6.3144,1349.9936652730266
792,张家港保税区卓尔诺新材料科技有限公司,72,苏州市,45423.0,76.0,1.63437,3370.000061185656
793,可胜科技（泰州）有限公司,79,泰州市,290923.0,222.0,28.244,2880.965868857102
794,江苏旭日电力科技有限公司,76,盐城市,20120.0,281.0,2.16597,1048.029289417674
795,江苏富丝米新材料科技有限公司,76,盐城市,28840.0,384.0,4.6666,1710.0
796,江苏万邦达环保科技有限公司,76,盐城市,34982.0,78.0,5.6707,2040.0
797,江苏博越化纤有限公司,75,淮安市,65267.0,300.0,3.2444,1202.071261250154
798,东台奥力芬化纤有限公司,76,盐城市,21500.0,203.0,2.0,1710.0
799,安逸达电解液技术（张家港）有限公司,72,苏州市,51218.0,227.0,3.97105,3370.000125911283
800,含山县金石建筑材料有限公司,96,马鞍山市,36850.0,301.0,0.4056,1600.0
801,宣城市龙赢新材料科技有限公司,107,宣城市,22185.0,404.0,2.9192,1051.6579884899973
802,当阳市华业金属制品有限公司,165,宜昌市,35687.0,263.0,0.48802,1199.9999999999998
803,当阳市业兴建材有限公司,165,宜昌市,37185.0,334.0,0.39553,1200.0
804,武汉凡肯新能源有限公司,167,鄂州市,50043.0,404.0,2.35969,2525.7555017820137
805,湖北品上家居有限公司,171,黄冈市,43220.0,243.0,42.5374,960.0962917338624
806,荆门市辰明触控科技有限公司,168,荆门市,135551.0,267.0,9.893149,1859.8729282253807
807,钟祥市彭墩新辉装饰材料有限公司,168,荆门市,43256.0,139.0,1.7259,1622.3419665102265
808,湖北远大郧阳可建环保工程有限公司,164,十堰市,192378.0,93.0,17.16128,2796.994163605512
809,安徽天之锦织造有限公司,102,阜阳市,21567.0,173.0,3.333333,1620.0001620000162
810,湖南恒钰机械科技有限公司,174,长沙市,135064.0,19.0,1.87158,1752.5299479584096
811,河南中宇钢构有限公司,157,南阳市,134750.0,175.0,14.6398,2206.314293911119
812,山东恒洲管业有限公司,130,淄博市,35917.0,228.0,3.3456,2809.660449545672
813,山东远铭化工有限公司,140,临沂市,36824.0,130.0,6.6797,1425.2137072024193
814,德州一腾塑业有限公司,141,德州市,23471.0,54.0,2.3354,868.3497473666182
815,山东宏迪机车科技有限公司,140,临沂市,138266.0,161.0,3.6547,2700.6320628232143
816,山东泰豫冷弯型钢有限公司,139,莱芜市,27000.0,103.0,4.0,1687.5
817,漳州市广发混凝土有限公司,113,漳州市,67664.0,194.0,1.2048,979.4156706507304
818,鞍山市博来钢制品有限公司,35,鞍山市,34523.0,91.0,0.625672,1660.0007671751332
819,黑龙江沃野农业装备有限公司,62,佳木斯市,32525.0,12.0,2.98497,1290.0297155415296
820,黑龙江东部节水设备有限公司,66,绥化市,207456.0,363.0,3.6081,1732.213630442615
821,兰西金桥热力有限公司,66,绥化市,45833.0,116.0,3.7618,1598.9951618905843
822,普定县和业生物有机肥有限责任公司,246,安顺市,41895.0,36.0,2.3046,837.4555237351383
823,浙江泛洋特种装配设备有限公司,84,嘉兴市,100129.0,303.0,18.5296,4200.0
824,允友成（宿迁）复合新材料有限公司,80,宿迁市,54125.0,188.0,10.0124,1440.0
825,盐城方天防护用品有限公司,76,盐城市,26158.0,56.0,2.2897,1480.0000000000002
826,美利达自行车（江苏）有限公司,73,南通市,58509.0,299.0,15.480993,3839.999992248559
827,江苏陈氏伟业纺织科技有限公司,80,宿迁市,109918.0,247.0,8.7366,960.3278163129822
828,安徽好莱克纺织科技有限公司,102,阜阳市,51480.0,349.0,3.2171,1087.9363401821518
829,广德开盛超细微粉有限公司,107,宣城市,28557.0,215.0,0.2945,960.0
830,陕西盛钢管业有限公司,262,渭南市,833687.0,31.0,7.3333,1500.00681821281
831,扶余禾丰牧业有限公司,53,松原市,22114.0,265.0,3.018382,620.7630445715619
832,吉林睿顺科技开发有限公司,48,吉林市,344908.0,373.0,3.0,1970.765
833,吉林喜丰节水科技股份有限公司,52,白山市,73580.0,398.0,7.2,2223.0
834,吉林省金泰农业高新技术开发有限公司,49,四平市,104160.0,296.0,0.8739,1900.0
835,吉林省富通机电设备有限公司,48,吉林市,121654.0,250.0,1.9594,1806.675512912116
836,江西省龙马实业有限公司,127,上饶市,65825.0,142.0,2.0,960.0
837,寻乌县爱馨泰电子商贸有限公司,123,赣州市,32829.0,30.0,1.7333,840.0161541568106
838,江西瑜饶实业有限公司,127,上饶市,56612.0,356.0,2.2,960.0
839,惠州爱而泰可塑料包装有限公司,197,惠州市,378938.0,267.0,3.010962,2849.587606884444
840,青岛毕勤易莱特电子有限公司,129,青岛市,147520.0,345.0,2.6601,2720.0
841,山东长和科技股份有限公司,140,临沂市,21837.0,45.0,2.0,2160.0
842,定西国英新型建材有限公司,278,定西市,21540.0,102.0,3.587,1500.0836353498746
843,定兴县郭培京绣服饰制造有限责任公司,7,保定市,86229.0,81.0,1.838,1800.8705114254624
844,江苏新锐现代建材有限公司,70,徐州市,217970.0,223.0,0.3517,1762.8660790446404
845,泗水华峰塑胶有限公司,135,济宁市,60475.0,74.0,1.331,2629.6018031555222
846,广州南国思念食品有限公司,187,广州市,119518.0,213.0,5.0,6000.0
847,四川亚邦科技发展有限公司,235,南充市,34768.0,288.0,2.0239,1050.0024704777904
848,山东恒阳重工科技有限公司,134,潍坊市,139959.0,129.0,1.5067,2522.068095838588
849,河北奥利冷暖设备安装工程有限公司,7,保定市,51925.0,166.0,2.0143,1650.0000000000002
850,惠州市宙邦化工有限公司,197,惠州市,276113.0,147.0,3.7072,4288.951230038843
851,泉州市德恒服饰织造有限公司,112,泉州市,226882.0,116.0,2.8,1485.0
852,福建连城盛威高科开发有限公司,115,龙岩市,135415.0,61.0,9.3615,900.0
853,菏泽信立达纺织有限公司,144,菏泽市,149870.0,363.0,4.7636,1290.0
854,福建嘉和玻璃纤维材料有限公司,108,福州市,64249.0,323.0,3.3883,1204.1436708673966
855,防城港市国大糖业发展有限公司,213,防城港市,75282.0,242.0,7.5267,1680.0025243466594
856,南阳微特防爆电机有限公司,157,南阳市,242687.0,210.0,5.90173,1094.5942969264945
857,湖北省荆门市万汇食品有限公司,168,荆门市,128027.0,63.0,1.3333,1236.0309007725195
858,广东赛力克防水材料有限公司,188,韶关市,123802.0,302.0,3.4226,1245.0242505697424
859,重庆重开电气有限公司,224,重庆市,20895.0,60.0,2.4418,1204.0298140715863
860,大亚(漳州)电线电缆有限公司,113,漳州市,121286.0,204.0,8.0,1210.0
861,单县汇都食品有限责任公司,144,菏泽市,80286.0,306.0,2.4139,1572.0000828534735
862,江苏鸿得利机械有限公司,73,南通市,113443.0,447.0,4.5401,2041.805246580472
863,银川天佳仪器仪表有限公司,281,银川市,146376.0,296.0,2.736,961.2573099415204
864,辽宁陆正金属复合材料有限公司,44,铁岭市,345378.0,247.0,1.0,1500.0
865,宁城京都淀粉有限公司,27,赤峰市,497374.0,239.0,33.3332,840.0033600134401
866,重庆天海农业发展有限责任公司,224,重庆市,107891.0,122.0,6.6667,841.4957925210375
867,重庆上品机械制造有限公司,224,重庆市,35000.0,405.0,1.8377,1229.3851009413945
868,重庆亚庆机械制造有限公司,224,重庆市,71159.0,14.0,2.3803,3394.5301012477416
869,佛山市普拉迪数控科技有限公司,192,佛山市,503739.0,44.0,3.3333,3240.0324003240034
870,惠州市其正科技有限公司,197,惠州市,28156.0,374.0,2.7515,2730.001817190623
871,福建恒瑞新型建材有限公司,113,漳州市,61102.0,170.0,0.583,840.0000000000001
872,济南贤明重汽车身制造有限公司,128,济南市,48062.0,157.0,1.8981,1238.0801854486067
873,江西远洋威利实业有限公司,118,景德镇市,24601.0,23.0,1.8706,1440.01924516198
874,西安皓森精铸有限公司,258,西安市,41146.0,170.0,7.2691,1547.6468888858317
875,西安桃李食品有限公司,258,西安市,100569.0,262.0,2.7831,3219.4315691135785
876,重庆天宏水晶玻璃有限公司,224,重庆市,127845.0,348.0,1.87,929.9465240641712
877,四川南嘉泵业制造有限公司,235,南充市,190656.0,116.0,2.1334,839.9737508202868
878,洪雅县雅星生物科技有限公司,236,眉山市,22178.0,40.0,0.63,840.0
879,彰武县德信砂业有限公司,41,阜新市,29093.0,12.0,0.108,1000.0
880,彰武天凯硅砂有限公司,41,阜新市,45930.0,113.0,0.0256,1000.0
881,山东海之蓝化工有限公司,134,潍坊市,61359.0,350.0,0.5919,1554.3166075350566
882,百色明泰铁合金有限公司,217,百色市,233489.0,44.0,2.56846,1360.0001557353437
883,咸阳瑞泰针织服装有限公司,261,咸阳市,184456.0,117.0,2.774,2217.015140591204
884,苍溪县大通天然气投资有限公司,231,广元市,276110.0,12.0,7.9716,839.9979928747052
885,安徽芳萍纺织有限公司,97,淮北市,332659.0,335.0,7.216,960.3658536585364
886,三明市盛隆矿业有限公司,111,三明市,143543.0,85.0,4.5792,2040.028825995807
887,聊城市鸿雁纺织有限公司,142,聊城市,157342.0,314.0,2.2159,615.0097026039082
888,敖汉旗瑞佳建材有限责任公司,27,赤峰市,59456.0,137.0,1.66515,888.8088160225806
889,巴彦县隆孚化工经贸有限公司,55,哈尔滨市,44950.0,50.0,2.0,1470.0
890,商河县华泰混凝土有限公司,128,济南市,41681.0,312.0,6.1963,1638.0743346836016
891,陕西兴鸿新材料有限公司,261,咸阳市,66908.0,61.0,1.5198,1605.4744045269117
892,临西县沪临特种轴承制造有限公司,6,邢台市,44438.0,408.0,1.5202,1850.999868438364
893,临沂泰来塑业有限公司,140,临沂市,76347.0,209.0,0.67,1170.1492537313434
894,呼伦贝尔市锦兴隆食品有限责任公司,30,呼伦贝尔市,183900.0,305.0,3.5697,1162.5626803372832
895,龙州南华纸业有限公司,221,崇左市,364942.0,373.0,4.6705,610.2130392891554
896,四川佳海钢结构有限公司,229,德阳市,170075.0,264.0,0.7845,839.9770554493307
897,四川永胜花纸有限公司,228,泸州市,21600.0,156.0,1.038084,2099.830071554903
898,乐平市大明化工有限公司,118,景德镇市,531087.0,164.0,2.8744,1440.0
899,重庆东寰科技开发有限公司,224,重庆市,27717.0,221.0,1.5872,3446.3205645161293
900,隆昌立旺食品有限公司,233,内江市,301085.0,422.0,13.0192,688.9824259555119
901,青岛星河汽车配件制造有限公司,129,青岛市,63329.0,348.0,0.6356,1290.119572057898
902,龙泉市金茂五金有限公司,91,丽水市,26980.0,35.0,1.1655,1200.0000000000002
903,高密华夏长城葡萄酿酒有限公司,134,潍坊市,70124.0,420.0,2.6716,1407.3963168138944
904,宿迁市虹州塑钢型材有限公司,80,宿迁市,48261.0,237.0,1.3333,960.024000600015
905,贵州水城县黔峰水泥有限公司,244,六盘水市,700314.0,403.0,3.2488,846.4663875892637
906,海安天楹环保能源有限公司,73,南通市,47215.0,152.0,3.1792,1453.1957725213892
907,宁夏蓝伯碳素有限公司,283,吴忠市,25712.0,329.0,4.1515,600.0240876791521
908,陕西宝迪肉类食品有限公司,264,汉中市,260738.0,183.0,16.667,824.9835003299933
909,陕西海源生态农业有限公司,267,商洛市,172638.0,457.0,1.7664,1514.3795289855072
910,临沂雨兴管业有限公司,140,临沂市,136596.0,360.0,1.9435,2521.22459480319
911,漳州明德食品有限公司,113,漳州市,101150.0,320.0,0.7129,2230.326834058073
912,隆安县扬翔饲料有限公司,208,南宁市,249965.0,197.0,2.20944,769.4257368382939
913,东港和瑞锦江矿业有限公司,38,丹东市,81810.0,211.0,0.9116,2018.4291355857831
914,榆林市瑞福祥煤炭运销有限责任公司,265,榆林市,131599.0,263.0,4.0,960.0
915,湖北二电电气有限公司,172,咸宁市,33413.0,390.0,1.6858,1441.4521295527345
916,江苏华泰金属制品有限公司,70,徐州市,44309.0,423.0,5.1299,976.6272247022358
917,三明承峰鞋业有限公司,111,三明市,44313.0,291.0,1.859,1393.2221624529316
918,三明闽泰鞋业有限公司,111,三明市,42855.0,317.0,1.9902,1406.8937795196462
919,山东兴禾作物科学技术有限公司,128,济南市,20879.0,254.0,2.5306,928.6335256460916
920,阜新中友煤矿机械设备制造有限公司,41,阜新市,72437.0,252.0,0.4763,3275.2466932605503
921,山东山一数控机床制造有限公司,128,济南市,232570.0,245.0,5.6989,1521.346224710032
922,自贡武进机器制造有限公司,226,自贡市,67935.0,13.0,1.9359,2024.9651324965128
923,北首光源科技（大连）股份有限公司,34,大连市,42209.0,275.0,8.6331,2199.9999999999995
924,宝瑞泰（大连）复合材料有限公司,34,大连市,31518.0,325.0,8.0,3500.0
925,湖北沙洋荆氟化工科技有限公司,168,荆门市,92594.0,186.0,4.3512,1209.4134951277808
926,正圣机械（福建）有限公司,111,三明市,31060.0,127.0,0.7473,1686.069851465275
927,冠县新丰钢管有限公司,142,聊城市,319292.0,134.0,4.2093,720.7849286104578
928,泗洪县烨美酒类包装有限公司,80,宿迁市,120638.0,34.0,0.4199,960.2286258633007
929,河南爱玛车业有限公司,158,商丘市,158181.0,282.0,18.2598,1792.3498614442658
930,贵州毕节江天水泥有限公司,247,毕节市,365519.0,32.0,16.0792,1368.2272749888054
931,广西恒源钢结构有限公司,208,南宁市,20853.0,67.0,4.1839,843.5909080044934
932,江苏富通科技有限公司,75,淮安市,63182.0,365.0,3.0444,2520.1353304427803
933,固始县华艺钢构工程有限公司,159,信阳市,190691.0,239.0,2.6667,839.9895001312484
934,江西豪安能源科技有限公司,117,南昌市,225439.0,532.0,8.0669,842.9508237365035
935,江西捷奥实业有限公司,126,抚州市,99545.0,212.0,6.4133,1440.007484446385
936,鹤山市巨隆铝业有限公司,193,江门市,119869.0,322.0,3.0275,2039.9864574731628
937,郑州煤炭工业集团商丘中亚化工有限公司,158,商丘市,126906.0,117.0,36.0861,1680.0014409980574
938,陕西华鲁伟业科技新板材有限公司,261,咸阳市,693191.0,252.0,20.799,1200.5384874272802
939,浙江源泰水产食品有限公司,90,台州市,87054.0,79.0,0.9996,4721.888755502201
940,昌邑富润纺织科技有限公司,134,潍坊市,43010.0,67.0,21.3777,1540.3902197149364
941,枣庄同兴汽车零部件股份有限公司,131,枣庄市,153995.0,215.0,10.8425,1483.9750979940052
942,红光输配电设备有限公司,93,芜湖市,71146.0,258.0,10.2041,1440.0094079830658
943,宿州市紫金塑业有限公司,103,宿州市,120634.0,11.0,2.5797,1650.012792185138
944,河北科华传动件有限公司,6,邢台市,80815.0,288.0,1.472178,1854.395324478426
945,察右后旗锦辽气化石灰石有限公司,32,乌兰察布市,403397.0,483.0,6.0,605.0
946,濮阳市盛威石油机械科技有限公司,153,濮阳市,203782.0,103.0,2.6618,2517.0936959951914
947,大连永明数控机床有限公司,34,大连市,99219.0,289.0,4.1132,2200.0
948,大连鸿森达木业科技发展有限公司,34,大连市,21330.0,72.0,8.0,3500.0
949,大连新建峰科技有限公司,34,大连市,61339.0,141.0,6.0,3500.0
950,鑫程联合重工（大连）有限公司,34,大连市,66060.0,223.0,13.0,3500.0
951,大连绿诺重工有限公司,34,大连市,135179.0,375.0,27.7451,1846.7880814990756
952,靖宇县鑫盛绿色食品有限公司,52,白山市,207039.0,361.0,1.1377,1669.9709941109256
953,抚顺恒通钢管有限公司,36,抚顺市,197387.0,153.0,4.8306,1440.007452490374
954,肇庆市东辉陶瓷有限公司,196,肇庆市,80901.0,253.0,33.7902,1200.0520861078064
955,莆田市海帝食品有限公司,110,莆田市,116529.0,112.0,1.3266,1600.0052766470676
956,依兰县申磊混凝土有限公司,55,哈尔滨市,70364.0,151.0,3.5,1080.0
957,日照市玛雅包装有限公司,138,日照市,89236.0,379.0,6.0,2250.0
958,浙江博盛不锈钢制造有限公司,91,丽水市,116113.0,221.0,1.6233,1299.9802870695498
959,三门峡博石矿业有限公司,156,三门峡市,62637.0,45.0,2.1401,2182.141021447596
960,望江天成服装有限公司,99,安庆市,42912.0,237.0,0.567695,1200.6447123895755
961,广西崇左市大明纸业有限公司,221,崇左市,109168.0,14.0,3.7803,960.2412506943894
962,宿迁市海之杰塑钢型材有限公司,80,宿迁市,37185.0,353.0,0.6667,959.95200239988
963,泗洪宝源混凝土有限公司,80,宿迁市,81887.0,114.0,0.6666,960.09600960096
964,日照利鑫商品混凝土有限公司,138,日照市,41492.0,294.0,1.0804,2360.2369492780454
965,陕西桑乐数字化太阳能有限公司,261,咸阳市,64736.0,380.0,12.2939,937.0500817478586
966,九江亚航锻铸有限公司,120,九江市,1158620.0,263.0,3.335,599.7001499250375
967,广丰县华飞模塑厂,127,上饶市,38807.0,347.0,1.128,960.0
968,江西丰达新型建材有限公司,123,赣州市,86493.0,275.0,4.2779,840.0383365670073
969,福建立和金属制品有限公司,113,漳州市,21497.0,108.0,1.6335,2540.006121824304
970,福建省力菲克生物技术有限公司,115,龙岩市,26025.0,81.0,2.7402,600.0
971,江苏格尔威机电有限公司,80,宿迁市,166040.0,33.0,3.8587,961.463705393008
972,营口金霖实业有限公司,40,营口市,41008.0,355.0,5.565,1679.9999999999998
973,阜新市鑫惠机电设备制造有限公司,41,阜新市,59999.0,117.0,1.0005,3268.365817091454
974,山东临港有色金属有限公司,140,临沂市,1025726.0,612.0,13.316111,840.0050134757814
975,南雄市瑞晟化学工业有限公司,188,韶关市,81576.0,28.0,3.3334,1742.77554448911
976,宁波华科汽车零部件有限公司,82,宁波市,241814.0,122.0,5.5863,5141.148882086534
977,河北正大摩擦制动材料有限公司,12,衡水市,23600.0,449.0,4.0,1020.0
978,大连永成水产有限公司,34,大连市,25484.0,273.0,0.5169,803.8885664538594
979,哈尔滨天红电站锅炉成套设备有限公司,55,哈尔滨市,26716.0,315.0,1.0675,1620.0468384074943
980,东光县华力铸造材料厂,10,沧州市,48531.0,71.0,1.4513,960.518156135878
981,山东鲁顺煤业有限公司,144,菏泽市,68662.0,275.0,5.37,1061.4525139664804
982,山东四君子集团君和酒业有限公司,144,菏泽市,109240.0,71.0,6.6667,1378.4931075344623
983,三明市大江钢结构材料有限公司,111,三明市,29913.0,130.0,0.8221,1240.7249726310667
984,济南奔腾机械有限公司,128,济南市,57606.0,547.0,6.671,1064.3081996702144
985,宣汉县绿宝农化有限公司,239,达州市,39012.0,183.0,0.5926,1350.0
986,福建南平闽海铝业有限公司,114,南平市,36789.0,401.0,1.3963,1067.1059227959606
987,河南笑脸食品有限公司,151,新乡市,21904.0,162.0,6.6667,959.995200024
988,昆明爱摩尔科技开发有限责任公司,249,昆明市,66734.0,413.0,1.6,1968.75
989,海安县荣盛铝业有限公司,73,南通市,44506.0,322.0,0.2786,1507.537688442211
990,府谷县恒基有限责任公司,265,榆林市,210795.0,180.0,6.0,966.6666666666669
991,辽宁渤飞实业有限公司,41,阜新市,49925.0,304.0,2.0037,2859.7095373558923
992,沂南县华润鞋业有限公司,140,临沂市,164779.0,229.0,1.2722,1965.099827071215
993,安徽同曦金鹏铝业有限公司,94,蚌埠市,384311.0,293.0,4.57518,841.4969465682225
994,漯河市众邦伟业机械制造有限公司,155,漯河市,169496.0,592.0,1.2661,1347.6818576731696
995,瓦房店永泰轴承制造有限公司,34,大连市,37910.0,253.0,0.8049,1621.3194185613122
996,察右前旗蒙誉铁合金有限责任公司,32,乌兰察布市,370170.0,146.0,5.4056,604.928222583987
997,阜新恒信汽车零部件有限责任公司,41,阜新市,45011.0,78.0,0.5,3140.0
998,绩溪县力达玻纤厂,107,宣城市,20920.0,183.0,0.40366,1201.5062181043452
999,沾化联源皮业有限公司,143,滨州市,82836.0,236.0,2.6677,1500.0
1000,濮阳市江源齿轮制造有限公司,153,濮阳市,32335.0,84.0,2.8595,1433.817100891764
1001,西安华新联合科技有限公司,258,西安市,176664.0,46.0,5.5449,2310.2310231023102
1002,河北鼎康粮油有限公司,5,邯郸市,48029.0,321.0,5.3372,1966.311923855205
1003,南宁金鼎锅炉制造有限公司,208,南宁市,36068.0,147.0,2.0,612.76
1004,唐县富民食用菌有限公司,7,保定市,21621.0,401.0,1.0452,975.8897818599312
1005,辽宁金法电控有限公司,44,铁岭市,89285.0,273.0,1.3778,1500.0
1006,通辽市绿牛食品有限公司,28,通辽市,281338.0,371.0,2.6892,1900.0074371560315
1007,科左后旗强大经贸有限公司,28,通辽市,19000.0,366.0,0.6673,839.964034167541
1008,广东天虹电缆有限公司,187,广州市,826026.0,155.0,2.167,6000.000000000001
1009,舞钢市华泰进出口贸易有限公司,148,平顶山市,64415.0,168.0,0.736136,4509.999510959931
1010,福建安溪三元集发水泥有限公司,112,泉州市,166568.0,292.0,21.3332,977.818611366321
1011,陕西精工钢结构有限责任公司,261,咸阳市,35578.0,330.0,13.303,990.7689994738028
1012,河北博龙泵业有限公司,7,保定市,43520.0,112.0,2.0346,5649.759166420918
1013,鹤山市益丰达铜管有限公司,193,江门市,46956.0,139.0,9.2926,1065.0046273378816
1014,九江常宇化工有限公司,120,九江市,228169.0,26.0,0.7277,5999.725161467639
1015,广州市泰奇食品有限公司,187,广州市,503516.0,184.0,3.1922,6000.563874443957
1016,四川钰泓光电科技有限公司,236,眉山市,144619.0,90.0,1.631368,959.9918595926856
1017,钟祥市星宇家具厂,168,荆门市,35331.0,174.0,0.4453,1619.806871771839
1018,武义县铸钢厂,87,金华市,21560.0,283.0,0.922,5314.533622559653
